Model Name,Company Name,Mobile Weight(in g),RAM(in GB),Front Camera,Back Camera,Processor,Battery Capacity(in mAh),Screen Size(in inches),Launched Price (India)(in INR),Launched Price (USA)(in USD),Launched Year
iPhone 16 128GB,Apple,174,6,12MP,48MP,A17 Bionic,3600.00,6.1,79999.00,799.00,2024
iPhone 16 256GB,Apple,174,6,12MP,48MP,A17 Bionic,3600.00,6.1,84999.00,849.00,2024
iPhone 16 512GB,Apple,174,6,12MP,48MP,A17 Bionic,3600.00,6.1,89999.00,899.00,2024
iPhone 16 Plus 128GB,Apple,203,6,12MP,48MP,A17 Bionic,4200.00,6.7,89999.00,899.00,2024
iPhone 16 Plus 256GB,Apple,203,6,12MP,48MP,A17 Bionic,4200.00,6.7,94999.00,949.00,2024
iPhone 16 Plus 512GB,Apple,203,6,12MP,48MP,A17 Bionic,4200.00,6.7,104999.00,999.00,2024
iPhone 16 Pro 128GB,Apple,206,6,12MP / 4K,50MP + 12MP,A17 Pro,4400.00,6.1,99999.00,999.00,2024
iPhone 16 Pro 256GB,Apple,206,8,12MP / 4K,50MP + 12MP,A17 Pro,4400.00,6.1,104999.00,1049.00,2024
iPhone 16 Pro 512GB,Apple,206,8,12MP / 4K,50MP + 12MP,A17 Pro,4400.00,6.1,114999.00,1099.00,2024
iPhone 16 Pro Max 128GB,Apple,221,6,12MP / 4K,48MP + 12MP,A17 Pro,4500.00,6.7,109999.00,1099.00,2024
iPhone 16 Pro Max 256GB,Apple,221,8,12MP / 4K,48MP + 12MP,A17 Pro,4500.00,6.7,114999.00,1199.00,2024
iPhone 16 Pro Max 512GB,Apple,221,8,12MP / 4K,48MP + 12MP,A17 Pro,4500.00,6.7,124999.00,1299.00,2024
iPhone 15 128GB,Apple,171,6,12MP,48MP,A16 Bionic,3200.00,6.1,74999.00,799.00,2023
iPhone 15 256GB,Apple,171,6,12MP,48MP,A16 Bionic,3200.00,6.1,79999.00,849.00,2023
iPhone 15 512GB,Apple,171,6,12MP,48MP,A16 Bionic,3200.00,6.1,89999.00,949.00,2023
iPhone 15 Plus 128GB,Apple,203,6,12MP,48MP,A16 Bionic,4300.00,6.7,84999.00,899.00,2023
iPhone 15 Plus 256GB,Apple,203,6,12MP,48MP,A16 Bionic,4300.00,6.7,94999.00,999.00,2023
iPhone 15 Plus 512GB,Apple,203,6,12MP,48MP,A16 Bionic,4300.00,6.7,104999.00,1049.00,2023
iPhone 15 Pro 128GB,Apple,206,6,12MP / 4K,48MP + 12MP,A16 Bionic,4400.00,6.1,99999.00,1099.00,2023
iPhone 15 Pro 256GB,Apple,206,8,12MP / 4K,48MP + 12MP,A16 Bionic,4400.00,6.1,109999.00,1199.00,2023
iPhone 15 Pro 512GB,Apple,206,8,12MP / 4K,48MP + 12MP,A16 Bionic,4400.00,6.1,119999.00,1299.00,2023
iPhone 15 Pro Max 128GB,Apple,221,6,12MP / 4K,48MP + 12MP,A16 Bionic,4500.00,6.7,114999.00,1199.00,2023
iPhone 15 Pro Max 256GB,Apple,221,8,12MP / 4K,48MP + 12MP,A16 Bionic,4500.00,6.7,124999.00,1299.00,2023
iPhone 15 Pro Max 512GB,Apple,221,8,12MP / 4K,48MP + 12MP,A16 Bionic,4500.00,6.7,134999.00,1399.00,2023
iPhone 14 128GB,Apple,172,6,12MP,12MP + 12MP,A15 Bionic,3200.00,6.1,69999.00,799.00,2022
iPhone 14 256GB,Apple,172,6,12MP,12MP + 12MP,A15 Bionic,3200.00,6.1,74999.00,849.00,2022
iPhone 14 512GB,Apple,172,6,12MP,12MP + 12MP,A15 Bionic,3200.00,6.1,84999.00,949.00,2022
iPhone 14 Plus 128GB,Apple,203,6,12MP,12MP + 12MP,A15 Bionic,4325.00,6.7,79999.00,899.00,2022
iPhone 14 Plus 256GB,Apple,203,6,12MP,12MP + 12MP,A15 Bionic,4325.00,6.7,84999.00,999.00,2022
iPhone 14 Plus 512GB,Apple,203,6,12MP,12MP + 12MP,A15 Bionic,4325.00,6.7,94999.00,1049.00,2022
iPhone 14 Pro 128GB,Apple,206,6,12MP / 4K,48MP + 12MP,A16 Bionic,4200.00,6.1,109999.00,1099.00,2022
iPhone 14 Pro 256GB,Apple,206,8,12MP / 4K,48MP + 12MP,A16 Bionic,4200.00,6.1,119999.00,1199.00,2022
iPhone 14 Pro 512GB,Apple,206,8,12MP / 4K,48MP + 12MP,A16 Bionic,4200.00,6.1,134999.00,1299.00,2022
iPhone 14 Pro Max 128GB,Apple,221,6,12MP / 4K,48MP + 12MP,A16 Bionic,4500.00,6.7,124999.00,1199.00,2022
iPhone 14 Pro Max 256GB,Apple,221,8,12MP / 4K,48MP + 12MP,A16 Bionic,4500.00,6.7,134999.00,1299.00,2022
iPhone 14 Pro Max 512GB,Apple,221,8,12MP / 4K,48MP + 12MP,A16 Bionic,4500.00,6.7,144999.00,1399.00,2022
iPhone 13 mini 128GB,Apple,140,4,12MP,12MP,A15 Bionic,2438.00,5.4,69900.00,699.00,2021
iPhone 13 mini 256GB,Apple,140,4,12MP,12MP,A15 Bionic,2438.00,5.4,74900.00,799.00,2021
iPhone 13 mini 512GB,Apple,140,4,12MP,12MP,A15 Bionic,2438.00,5.4,84900.00,899.00,2021
iPhone 13 128GB,Apple,174,4,12MP,12MP + 12MP,A15 Bionic,3240.00,6.1,74900.00,799.00,2021
iPhone 13 256GB,Apple,174,4,12MP,12MP + 12MP,A15 Bionic,3240.00,6.1,84900.00,899.00,2021
iPhone 13 512GB,Apple,174,4,12MP,12MP + 12MP,A15 Bionic,3240.00,6.1,94900.00,999.00,2021
iPhone 13 Pro 128GB,Apple,204,6,12MP / 4K,12MP + 12MP + 12MP,A15 Bionic,3095.00,6.1,119900.00,999.00,2021
iPhone 13 Pro 256GB,Apple,204,6,12MP / 4K,12MP + 12MP + 12MP,A15 Bionic,3095.00,6.1,129900.00,1099.00,2021
iPhone 13 Pro 512GB,Apple,204,6,12MP / 4K,12MP + 12MP + 12MP,A15 Bionic,3095.00,6.1,139900.00,1199.00,2021
iPhone 13 Pro Max 128GB,Apple,238,6,12MP / 4K,12MP + 12MP + 12MP,A15 Bionic,4352.00,6.7,129900.00,1099.00,2021
iPhone 13 Pro Max 256GB,Apple,238,6,12MP / 4K,12MP + 12MP + 12MP,A15 Bionic,4352.00,6.7,139900.00,1199.00,2021
iPhone 13 Pro Max 512GB,Apple,238,6,12MP / 4K,12MP + 12MP + 12MP,A15 Bionic,4352.00,6.7,149900.00,1399.00,2021
iPhone 12 mini 64GB,Apple,135,4,12MP,12MP,A14 Bionic,2227.00,5.4,69900.00,699.00,2020
iPhone 12 mini 128GB,Apple,135,4,12MP,12MP,A14 Bionic,2227.00,5.4,74900.00,799.00,2020
iPhone 12 mini 256GB,Apple,135,4,12MP,12MP,A14 Bionic,2227.00,5.4,84900.00,899.00,2020
iPhone 12 64GB,Apple,164,4,12MP,12MP + 12MP,A14 Bionic,2815.00,6.1,74900.00,799.00,2020
iPhone 12 128GB,Apple,164,4,12MP,12MP + 12MP,A14 Bionic,2815.00,6.1,84900.00,899.00,2020
iPhone 12 256GB,Apple,164,4,12MP,12MP + 12MP,A14 Bionic,2815.00,6.1,94900.00,999.00,2020
iPhone 12 Pro 128GB,Apple,189,6,12MP / 4K,12MP + 12MP + 12MP,A14 Bionic,2815.00,6.1,119900.00,999.00,2020
iPhone 12 Pro 256GB,Apple,189,6,12MP / 4K,12MP + 12MP + 12MP,A14 Bionic,2815.00,6.1,129900.00,1099.00,2020
iPhone 12 Pro 512GB,Apple,189,6,12MP / 4K,12MP + 12MP + 12MP,A14 Bionic,2815.00,6.1,139900.00,1199.00,2020
iPhone 12 Pro Max 128GB,Apple,228,6,12MP / 4K,12MP + 12MP + 12MP,A14 Bionic,3687.00,6.7,129900.00,1099.00,2020
iPhone 12 Pro Max 256GB,Apple,228,6,12MP / 4K,12MP + 12MP + 12MP,A14 Bionic,3687.00,6.7,139900.00,1199.00,2020
iPhone 12 Pro Max 512GB,Apple,228,6,12MP / 4K,12MP + 12MP + 12MP,A14 Bionic,3687.00,6.7,149900.00,1399.00,2020
iPhone 11 64GB,Apple,194,4,12MP,12MP + 12MP,A13 Bionic,3110.00,6.1,64900.00,699.00,2019
iPhone 11 128GB,Apple,194,4,12MP,12MP + 12MP,A13 Bionic,3110.00,6.1,74900.00,799.00,2019
iPhone 11 256GB,Apple,194,4,12MP,12MP + 12MP,A13 Bionic,3110.00,6.1,84900.00,899.00,2019
iPhone 11 Pro 64GB,Apple,188,4,12MP / 4K,12MP + 12MP + 12MP,A13 Bionic,3046.00,5.8,99900.00,999.00,2019
iPhone 11 Pro 256GB,Apple,188,4,12MP / 4K,12MP + 12MP + 12MP,A13 Bionic,3046.00,5.8,109900.00,1099.00,2019
iPhone 11 Pro 512GB,Apple,188,4,12MP / 4K,12MP + 12MP + 12MP,A13 Bionic,3046.00,5.8,119900.00,1199.00,2019
iPhone 11 Pro Max 64GB,Apple,226,4,12MP / 4K,12MP + 12MP + 12MP,A13 Bionic,3969.00,6.5,109900.00,1099.00,2019
iPhone 11 Pro Max 256GB,Apple,226,4,12MP / 4K,12MP + 12MP + 12MP,A13 Bionic,3969.00,6.5,119900.00,1199.00,2019
iPhone 11 Pro Max 512GB,Apple,226,4,12MP / 4K,12MP + 12MP + 12MP,A13 Bionic,3969.00,6.5,129900.00,1399.00,2019
iPhone X 64GB,Apple,174,3,7MP,12MP + 12MP,A11 Bionic,2716.00,5.8,89900.00,999.00,2017
iPhone X 256GB,Apple,174,3,7MP,12MP + 12MP,A11 Bionic,2716.00,5.8,99900.00,1099.00,2017
iPhone XS 64GB,Apple,177,4,7MP,12MP + 12MP,A12 Bionic,2658.00,5.8,99900.00,999.00,2018
iPhone XS 256GB,Apple,177,4,7MP,12MP + 12MP,A12 Bionic,2658.00,5.8,109900.00,1099.00,2018
iPhone XS 512GB,Apple,177,4,7MP,12MP + 12MP,A12 Bionic,2658.00,5.8,119900.00,1299.00,2018
iPhone XS Max 64GB,Apple,208,4,7MP,12MP + 12MP,A12 Bionic,3174.00,6.5,109900.00,1099.00,2018
iPhone XS Max 256GB,Apple,208,4,7MP,12MP + 12MP,A12 Bionic,3174.00,6.5,119900.00,1249.00,2018
iPhone XS Max 512GB,Apple,208,4,7MP,12MP + 12MP,A12 Bionic,3174.00,6.5,129900.00,1399.00,2018
iPhone XR 64GB,Apple,194,3,7MP,12MP + 12MP,A12 Bionic,2942.00,6.1,64900.00,749.00,2018
iPhone XR 128GB,Apple,194,3,7MP,12MP + 12MP,A12 Bionic,2942.00,6.1,74900.00,799.00,2018
iPhone XR 256GB,Apple,194,3,7MP,12MP + 12MP,A12 Bionic,2942.00,6.1,84900.00,899.00,2018
iPad Air 10.9-inch 64GB,Apple,458,4,12MP,12MP,A14 Bionic,7608.00,10.9,54900.00,599.00,2020
iPad Air 10.9-inch 256GB,Apple,458,4,12MP,12MP,A14 Bionic,7608.00,10.9,64900.00,749.00,2020
iPad 10.2-inch 32GB,Apple,490,3,12MP,8MP,A13 Bionic,8612.00,10.2,29900.00,329.00,2020
iPad 10.2-inch 128GB,Apple,490,3,12MP,8MP,A13 Bionic,8612.00,10.2,39900.00,429.00,2020
iPad Mini 7.9-inch 64GB,Apple,300.5,3,7MP,8MP,A12 Bionic,5124.00,7.9,39900.00,399.00,2019
iPad Mini 7.9-inch 256GB,Apple,300.5,3,7MP,8MP,A12 Bionic,5124.00,7.9,49900.00,499.00,2019
iPad Pro 11-inch 128GB,Apple,468,4,7MP,12MP + 10MP,A12Z Bionic,7812.00,11,71900.00,799.00,2020
iPad Pro 11-inch 256GB,Apple,468,4,7MP,12MP + 10MP,A12Z Bionic,7812.00,11,89900.00,899.00,2020
iPad Pro 11-inch 512GB,Apple,468,6,7MP,12MP + 10MP,A12Z Bionic,7812.00,11,109900.00,1099.00,2020
iPad Pro 12.9-inch 128GB,Apple,682,6,7MP,12MP + 10MP,A12Z Bionic,9720.00,12.9,94900.00,999.00,2020
iPad Pro 12.9-inch 256GB,Apple,682,6,7MP,12MP + 10MP,A12Z Bionic,9720.00,12.9,109900.00,1099.00,2020
iPad Pro 12.9-inch 512GB,Apple,682,6,7MP,12MP + 10MP,A12Z Bionic,9720.00,12.9,119900.00,1299.00,2020
iPad Pro 13-inch 128GB,Apple,708,6,7MP,12MP + 10MP,A12Z Bionic,10307.00,13,119900.00,1099.00,2020
iPad Pro 13-inch 256GB,Apple,708,6,7MP,12MP + 10MP,A12Z Bionic,10307.00,13,139900.00,1199.00,2020
iPad Pro 13-inch 512GB,Apple,708,6,7MP,12MP + 10MP,A12Z Bionic,10307.00,13,159900.00,1399.00,2020
iPad Pro 13-inch 1TB,Apple,708,6,7MP,12MP + 10MP,A12Z Bionic,10307.00,13,179900.00,1599.00,2020
iPad Pro 13-inch 2TB,Apple,708,6,7MP,12MP + 10MP,A12Z Bionic,10307.00,13,199900.00,1799.00,2020
Galaxy S24 Ultra 128GB,Samsung,234,12,12MP,200MP + 12MP,Exynos 2400,5000.00,6.8,104900.00,1199.00,2024
Galaxy S24 Ultra 256GB,Samsung,234,12,12MP,200MP + 12MP,Exynos 2400,5000.00,6.8,114900.00,1299.00,2024
Galaxy S24+ 128GB,Samsung,196,8,12MP,50MP + 12MP,Exynos 2400,4800.00,6.6,89900.00,899.00,2024
Galaxy S24+ 256GB,Samsung,196,8,12MP,50MP + 12MP,Exynos 2400,4800.00,6.6,99900.00,999.00,2024
Galaxy S24 128GB,Samsung,168,8,12MP,50MP + 12MP,Exynos 2400,4000.00,6.1,79900.00,799.00,2024
Galaxy S24 256GB,Samsung,168,8,12MP,50MP + 12MP,Exynos 2400,4000.00,6.1,89900.00,899.00,2024
Galaxy S23 Ultra 128GB,Samsung,228,12,12MP,200MP + 12MP,Snapdragon 8 Gen 2,5000.00,6.8,99900.00,1199.00,2023
Galaxy S23 Ultra 256GB,Samsung,228,12,12MP,200MP + 12MP,Snapdragon 8 Gen 2,5000.00,6.8,109900.00,1299.00,2023
Galaxy S23+ 128GB,Samsung,196,8,12MP,50MP + 12MP,Snapdragon 8 Gen 2,4700.00,6.6,79900.00,899.00,2023
Galaxy S23+ 256GB,Samsung,196,8,12MP,50MP + 12MP,Snapdragon 8 Gen 2,4700.00,6.6,89900.00,999.00,2023
Galaxy S23 128GB,Samsung,168,8,12MP,50MP + 12MP,Snapdragon 8 Gen 2,3900.00,6.1,69900.00,799.00,2023
Galaxy S23 256GB,Samsung,168,8,12MP,50MP + 12MP,Snapdragon 8 Gen 2,3900.00,6.1,79900.00,899.00,2023
Galaxy S22 Ultra 128GB,Samsung,228,12,10MP,108MP + 12MP,Exynos 2200,5000.00,6.8,94900.00,1099.00,2022
Galaxy S22 Ultra 256GB,Samsung,228,12,10MP,108MP + 12MP,Exynos 2200,5000.00,6.8,104900.00,1199.00,2022
Galaxy S22+ 128GB,Samsung,195,8,10MP,50MP + 12MP,Exynos 2200,4500.00,6.6,79900.00,799.00,2022
Galaxy S22+ 256GB,Samsung,195,8,10MP,50MP + 12MP,Exynos 2200,4500.00,6.6,89900.00,899.00,2022
Galaxy S22 128GB,Samsung,167,8,10MP,50MP + 12MP,Exynos 2200,3800.00,6.1,69900.00,699.00,2022
Galaxy S22 256GB,Samsung,167,8,10MP,50MP + 12MP,Exynos 2200,3800.00,6.1,79900.00,799.00,2022
Galaxy Z Fold 5 256GB,Samsung,254,12,10MP,50MP + 12MP,Snapdragon 8 Gen 2,4400.00,7.6,154900.00,1799.00,2023
Galaxy Z Fold 5 512GB,Samsung,254,12,10MP,50MP + 12MP,Snapdragon 8 Gen 2,4400.00,7.6,174900.00,1899.00,2023
Galaxy Z Flip 5 256GB,Samsung,187,8,12MP,12MP + 12MP,Snapdragon 8 Gen 2,3700.00,6.7,94900.00,999.00,2023
Galaxy Z Flip 5 512GB,Samsung,187,8,12MP,12MP + 12MP,Snapdragon 8 Gen 2,3700.00,6.7,104900.00,1099.00,2023
Galaxy Z Fold 4 256GB,Samsung,263,12,10MP,50MP + 12MP,Snapdragon 8 Gen 1,4400.00,7.6,134900.00,1799.00,2022
Galaxy Z Fold 4 512GB,Samsung,263,12,10MP,50MP + 12MP,Snapdragon 8 Gen 1,4400.00,7.6,154900.00,1899.00,2022
Galaxy Z Flip 4 256GB,Samsung,187,8,10MP,12MP + 12MP,Snapdragon 8 Gen 1,3700.00,6.7,84900.00,999.00,2022
Galaxy Z Flip 4 512GB,Samsung,187,8,10MP,12MP + 12MP,Snapdragon 8 Gen 1,3700.00,6.7,94900.00,1099.00,2022
Galaxy A54 128GB,Samsung,189,6,32MP,50MP + 12MP,Exynos 1380,5000.00,6.4,27999.00,399.00,2023
Galaxy A54 256GB,Samsung,189,6,32MP,50MP + 12MP,Exynos 1380,5000.00,6.4,32999.00,449.00,2023
Galaxy A34 128GB,Samsung,199,6,13MP,48MP + 8MP,MediaTek Dimensity 1080,5000.00,6.6,22999.00,349.00,2023
Galaxy A34 256GB,Samsung,199,6,13MP,48MP + 8MP,MediaTek Dimensity 1080,5000.00,6.6,27999.00,399.00,2023
Galaxy A24 128GB,Samsung,195,6,13MP,50MP + 5MP,MediaTek Helio G99,5000.00,6.5,19999.00,299.00,2023
Galaxy A24 256GB,Samsung,195,6,13MP,50MP + 5MP,MediaTek Helio G99,5000.00,6.5,24999.00,349.00,2023
Galaxy A14 128GB,Samsung,190,4,13MP,50MP + 2MP,Exynos 850,5000.00,6.6,18499.00,249.00,2023
Galaxy A14 256GB,Samsung,190,4,13MP,50MP + 2MP,Exynos 850,5000.00,6.6,21999.00,299.00,2023
Galaxy A04 64GB,Samsung,188,4,5MP,50MP + 2MP,Exynos 850,5000.00,6.5,14999.00,199.00,2022
Galaxy A04 128GB,Samsung,188,4,5MP,50MP + 2MP,Exynos 850,5000.00,6.5,18499.00,249.00,2022
Galaxy M54 128GB,Samsung,202,8,32MP,108MP + 8MP,Exynos 1380,6000.00,6.7,23999.00,349.00,2023
Galaxy M54 256GB,Samsung,202,8,32MP,108MP + 8MP,Exynos 1380,6000.00,6.7,26999.00,399.00,2023
Galaxy M34 128GB,Samsung,199,6,13MP,50MP + 8MP,Exynos 1280,6000.00,6.5,17999.00,299.00,2023
Galaxy M34 256GB,Samsung,199,6,13MP,50MP + 8MP,Exynos 1280,6000.00,6.5,20999.00,349.00,2023
Galaxy M14 128GB,Samsung,202,4,13MP,50MP + 2MP,Exynos 850,6000.00,6.6,14999.00,249.00,2023
Galaxy M14 256GB,Samsung,202,4,13MP,50MP + 2MP,Exynos 850,6000.00,6.6,17999.00,299.00,2023
Galaxy M04 64GB,Samsung,188,4,5MP,13MP + 2MP,MediaTek Helio P35,5000.00,6.5,12999.00,199.00,2022
Galaxy M04 128GB,Samsung,188,4,5MP,13MP + 2MP,MediaTek Helio P35,5000.00,6.5,15999.00,249.00,2022
Galaxy F54 128GB,Samsung,199,8,32MP,108MP + 8MP,Exynos 1380,6000.00,6.7,23999.00,349.00,2023
Galaxy F54 256GB,Samsung,199,8,32MP,108MP + 8MP,Exynos 1380,6000.00,6.7,26999.00,399.00,2023
Galaxy F34 128GB,Samsung,190,6,13MP,50MP + 8MP,Exynos 1280,6000.00,6.5,18999.00,299.00,2023
Galaxy F34 256GB,Samsung,190,6,13MP,50MP + 8MP,Exynos 1280,6000.00,6.5,21999.00,349.00,2023
Galaxy F14 128GB,Samsung,198,4,13MP,50MP + 2MP,Exynos 850,6000.00,6.6,14999.00,249.00,2023
Galaxy F14 256GB,Samsung,198,4,13MP,50MP + 2MP,Exynos 850,6000.00,6.6,17999.00,299.00,2023
Galaxy Note 20 Ultra 128GB,Samsung,208,12,10MP,108MP + 12MP,Exynos 990,4500.00,6.9,99999.00,1299.00,2020
Galaxy Note 20 Ultra 256GB,Samsung,208,12,10MP,108MP + 12MP,Exynos 990,4500.00,6.9,104999.00,1399.00,2020
Galaxy Note 20 128GB,Samsung,192,8,10MP,108MP + 12MP,Exynos 990,4300.00,6.7,77999.00,999.00,2020
Galaxy Note 20 256GB,Samsung,192,8,10MP,108MP + 12MP,Exynos 990,4300.00,6.7,89999.00,1099.00,2020
Galaxy Note 10+ 256GB,Samsung,196,12,10MP,12MP + 16MP,Exynos 9825,4300.00,6.8,74999.00,1099.00,2019
Galaxy Note 10+ 512GB,Samsung,196,12,10MP,12MP + 16MP,Exynos 9825,4300.00,6.8,84999.00,1199.00,2019
Galaxy Note 10 256GB,Samsung,168,8,10MP,12MP + 16MP,Exynos 9825,3500.00,6.3,64999.00,949.00,2019
Galaxy Note 10 128GB,Samsung,168,8,10MP,12MP + 16MP,Exynos 9825,3500.00,6.3,59999.00,899.00,2019
Galaxy Xcover 6 Pro 128GB,Samsung,235,6,13MP,50MP,Exynos 1380,4050.00,6.6,28999.00,499.00,2022
Galaxy Xcover 5 64GB,Samsung,172,4,5MP,16MP,Exynos 850,3000.00,5.3,17499.00,249.00,2020
Galaxy J8 64GB,Samsung,191,4,16MP,16MP + 5MP,Snapdragon 450,3500.00,6,18990.00,199.00,2018
Galaxy J7 Pro 64GB,Samsung,181,3,13MP,13MP,Exynos 7870,3600.00,5.5,18990.00,179.00,2017
Galaxy J6+ 64GB,Samsung,178,4,8MP,13MP + 5MP,Snapdragon 425,3300.00,6,15999.00,169.00,2018
Galaxy J4 16GB,Samsung,175,2,5MP,13MP,Exynos 7570,3000.00,5.5,9990.00,129.00,2018
Galaxy C9 Pro 64GB,Samsung,189,6,16MP,16MP + 8MP,Snapdragon 653,4000.00,6,32990.00,399.00,2016
Galaxy C7 Pro 64GB,Samsung,165,4,16MP,16MP,Snapdragon 625,3300.00,5.7,22990.00,299.00,2017
Galaxy C5 32GB,Samsung,143,4,8MP,16MP,Snapdragon 617,2600.00,5.2,19990.00,249.00,2016
Galaxy W22 5G 256GB,Samsung,228,12,10MP,108MP + 12MP,Snapdragon 888,4500.00,7.6,99999.00,1499.00,2021
Galaxy W21 5G 256GB,Samsung,229,12,10MP,108MP + 12MP,Snapdragon 888,4500.00,7.6,89999.00,1399.00,2020
Galaxy Tab S9 Ultra 256GB,Samsung,732,12,12MP + 12MP,13MP + 8MP,Snapdragon 8 Gen 2,11200.00,14.6,114999.00,1199.00,2023
Galaxy Tab S9+ 256GB,Samsung,586,12,12MP,13MP + 8MP,Snapdragon 8 Gen 2,10090.00,12.4,99999.00,999.00,2023
Galaxy Tab S9 128GB,Samsung,498,8,12MP,13MP,Snapdragon 8 Gen 2,8400.00,11,85999.00,799.00,2023
Galaxy Tab S9 FE 128GB,Samsung,523,6,12MP,8MP,Exynos 1380,8000.00,10.9,49999.00,549.00,2023
Galaxy Tab S8 Ultra 256GB,Samsung,726,12,12MP + 12MP,13MP + 6MP,Snapdragon 8 Gen 1,11200.00,14.6,109999.00,1099.00,2022
Galaxy Tab S8+ 256GB,Samsung,567,8,12MP,13MP + 6MP,Snapdragon 8 Gen 1,10090.00,12.4,94999.00,899.00,2022
Galaxy Tab S8 128GB,Samsung,503,8,12MP,13MP + 6MP,Snapdragon 8 Gen 1,8000.00,11,74999.00,699.00,2022
Galaxy Tab A9+ 128GB,Samsung,480,8,5MP,8MP,Snapdragon 695,7040.00,11,22999.00,229.00,2023
Galaxy Tab A9 64GB,Samsung,366,4,2MP,8MP,MediaTek Helio G99,5100.00,8.7,16999.00,179.00,2023
Galaxy Tab A8 64GB,Samsung,508,4,5MP,8MP,Unisoc T618,7040.00,10.5,17999.00,199.00,2022
Galaxy Tab A7 Lite 32GB,Samsung,366,3,2MP,8MP,MediaTek Helio P22T,5100.00,8.7,11999.00,149.00,2021
Galaxy Tab Active 5 128GB,Samsung,433,6,5MP,13MP,Exynos 1380,5050.00,8,54999.00,549.00,2024
Galaxy Tab Active 4 Pro 128GB,Samsung,674,6,8MP,13MP,Snapdragon 778G,7600.00,10.1,64999.00,649.00,2022
Galaxy Tab Active 3 64GB,Samsung,426,4,5MP,13MP,Exynos 9810,5050.00,8,44999.00,499.00,2020
Galaxy Tab E 10.1 16GB,Samsung,490,1.5,2MP,5MP,Spreadtrum SC8830,5000.00,10.1,9999.00,129.00,2016
Galaxy Tab E 8.0 16GB,Samsung,360,1.5,2MP,5MP,Qualcomm MSM8916,5000.00,8,8499.00,99.00,2016
OnePlus 12 256GB,OnePlus,205,12,32MP,50MP + 48MP,Snapdragon 8 Gen 3,5000.00,6.7,74999.00,799.00,2024
OnePlus 12R 256GB,OnePlus,203,12,16MP,50MP + 8MP,Snapdragon 8 Gen 2,4500.00,6.7,49999.00,699.00,2024
OnePlus 11 256GB,OnePlus,205,12,16MP,50MP + 48MP,Snapdragon 8 Gen 1,5000.00,6.7,54999.00,699.00,2023
OnePlus 11R 256GB,OnePlus,202,12,16MP,50MP + 8MP,Snapdragon 8 Gen 1,5000.00,6.7,44999.00,599.00,2023
OnePlus Nord 3 256GB,OnePlus,190,12,16MP,50MP + 8MP,MediaTek Dimensity 9000,5000.00,6.74,34999.00,499.00,2023
OnePlus Nord CE 3 128GB,OnePlus,179,8,16MP,50MP + 2MP,Snapdragon 782G,5000.00,6.72,22999.00,399.00,2023
OnePlus Nord CE 3 Lite 128GB,OnePlus,195,8,16MP,108MP,Snapdragon 695,5000.00,6.72,17999.00,299.00,2023
OnePlus Nord N30 5G 128GB,OnePlus,192,8,16MP,64MP + 2MP,MediaTek Dimensity 6020,5000.00,6.72,16999.00,249.00,2023
OnePlus Open 256GB,OnePlus,238,16,32MP,48MP + 48MP,Snapdragon 8 Gen 2,4800.00,7.8,74999.00,1099.00,2024
OnePlus 10 Pro 256GB,OnePlus,200,12,32MP,50MP + 48MP,Snapdragon 8 Gen 1,5000.00,6.7,64999.00,899.00,2022
OnePlus 10T 256GB,OnePlus,203,12,16MP,50MP + 8MP,Snapdragon 8+ Gen 1,4500.00,6.7,54999.00,749.00,2022
OnePlus 9 Pro 256GB,OnePlus,192,12,16MP,48MP + 50MP,Snapdragon 888,4500.00,6.7,59999.00,699.00,2021
OnePlus 9 128GB,OnePlus,183,8,16MP,48MP + 50MP,Snapdragon 888,4500.00,6.55,39999.00,599.00,2021
OnePlus 11 Pro 256GB,OnePlus,204,16,32MP,50MP + 48MP,Snapdragon 8 Gen 2,5000.00,6.7,74999.00,899.00,2023
OnePlus Nord 2T 128GB,OnePlus,190,8,32MP,50MP + 8MP,MediaTek Dimensity 1300,4500.00,6.43,28999.00,399.00,2022
OnePlus Nord 2 128GB,OnePlus,190,8,32MP,50MP + 8MP,MediaTek Dimensity 1200-AI,4500.00,6.43,27999.00,349.00,2021
OnePlus Nord N200 64GB,OnePlus,189,4,16MP,13MP + 2MP,Snapdragon 480,5000.00,6.49,15999.00,199.00,2021
OnePlus Nord N100 64GB,OnePlus,185,4,8MP,13MP + 2MP,Qualcomm Snapdragon 460,5000.00,6.52,12999.00,179.00,2020
OnePlus 8T Cyberpunk 2077 Edition 256GB,OnePlus,188,12,16MP,48MP + 16MP,Snapdragon 865,4500.00,6.55,45999.00,749.00,2020
OnePlus 9T 128GB,OnePlus,192,8,16MP,48MP + 50MP,Snapdragon 888,4500.00,6.55,49999.00,649.00,2021
OnePlus 8T 256GB,OnePlus,188,12,16MP,48MP + 16MP,Snapdragon 865,4500.00,6.55,42999.00,599.00,2020
OnePlus 10T 5G 256GB,OnePlus,203,12,16MP,50MP + 8MP,Snapdragon 8+ Gen 1,4500.00,6.7,54999.00,749.00,2022
OnePlus 9R 5G 128GB,OnePlus,189,8,16MP,48MP + 5MP,Snapdragon 870,4500.00,6.55,39999.00,599.00,2021
OnePlus 8 Pro 256GB,OnePlus,199,12,16MP,48MP + 48MP,Snapdragon 865,4510.00,6.78,54999.00,749.00,2020
OnePlus 8 128GB,OnePlus,180,8,16MP,48MP + 16MP,Snapdragon 865,4300.00,6.55,41999.00,699.00,2020
OnePlus Nord CE 2 Lite 128GB,OnePlus,195,6,16MP,64MP + 2MP,MediaTek Dimensity 900,5000.00,6.59,19999.00,249.00,2022
OnePlus Nord CE 2 128GB,OnePlus,173,8,16MP,64MP + 8MP,MediaTek Dimensity 1200,4500.00,6.43,23999.00,299.00,2022
OnePlus Nord 1 128GB,OnePlus,184,6,16MP,48MP + 5MP,Snapdragon 765G,4115.00,6.44,22999.00,349.00,2020
OnePlus Nord CE 5G 128GB,OnePlus,170,6,16MP,64MP + 8MP,Snapdragon 750G,4500.00,6.43,24999.00,299.00,2021
OnePlus Nord 2 5G 128GB,OnePlus,189,8,32MP,50MP + 8MP,MediaTek Dimensity 1200-AI,4500.00,6.43,27999.00,399.00,2021
OnePlus Nord N100 5G 64GB,OnePlus,185,4,8MP,13MP + 2MP,Qualcomm Snapdragon 460,5000.00,6.52,12999.00,179.00,2020
OnePlus Nord N10 5G 128GB,OnePlus,190,6,16MP,64MP + 8MP,Qualcomm Snapdragon 690,4300.00,6.49,19999.00,299.00,2020
OnePlus 8R 128GB,OnePlus,192,8,16MP,48MP + 5MP,Snapdragon 865,4300.00,6.55,41999.00,649.00,2020
OnePlus 7R 128GB,OnePlus,190,6,16MP,48MP + 5MP,Snapdragon 855,3700.00,6.41,38999.00,599.00,2020
OnePlus 6T McLaren Edition 256GB,OnePlus,185,10,16MP,20MP + 16MP,Snapdragon 845,3700.00,6.41,50999.00,799.00,2018
OnePlus 5T Star Wars Edition 128GB,OnePlus,162,6,16MP,16MP + 20MP,Snapdragon 835,3300.00,6.01,34999.00,649.00,2017
OnePlus 13R 128GB,OnePlus,210,8,16MP,50MP + 8MP,Snapdragon 8 Gen 2,4500.00,6.7,74999.00,849.00,2023
OnePlus 11T 128GB,OnePlus,202,12,32MP,50MP + 48MP,Snapdragon 8 Gen 2,5000.00,6.7,74999.00,799.00,2023
OnePlus 10R 128GB,OnePlus,205,8,16MP,50MP + 16MP,MediaTek Dimensity 8100,4500.00,6.7,49999.00,599.00,2022
OnePlus 7 Pro 5G 256GB,OnePlus,206,12,16MP,48MP + 8MP,Snapdragon 855,4000.00,6.67,59999.00,799.00,2019
OnePlus 6 Special Edition 128GB,OnePlus,177,6,16MP,20MP + 16MP,Snapdragon 845,3300.00,6.28,37999.00,599.00,2018
OnePlus 5 Special Edition 128GB,OnePlus,155,8,16MP,20MP + 16MP,Snapdragon 835,3300.00,5.5,36999.00,599.00,2017
OnePlus Nord X 128GB,OnePlus,190,8,32MP,64MP + 8MP,Snapdragon 765G,4000.00,6.44,24999.00,299.00,2020
OnePlus 8 Pro McLaren Edition 256GB,OnePlus,199,12,16MP,48MP + 8MP,Snapdragon 865,4510.00,6.78,59999.00,899.00,2020
OnePlus 8T Cyberpunk Edition 256GB,OnePlus,188,12,16MP,48MP + 16MP,Snapdragon 865,4500.00,6.55,58999.00,799.00,2020
OnePlus 7T Pro 5G McLaren Edition 256GB,OnePlus,206,12,16MP,48MP + 8MP,Snapdragon 855,4085.00,6.67,69999.00,899.00,2019
OnePlus 15R 128GB,OnePlus,210,12,32MP,50MP + 8MP,Snapdragon 8 Gen 3,5000.00,6.7,74999.00,849.00,2023
OnePlus 14+ 128GB,OnePlus,202,8,16MP,64MP + 8MP,Snapdragon 8 Gen 2,4800.00,6.55,69999.00,799.00,2023
OnePlus 13 Pro 256GB,OnePlus,215,12,32MP,50MP + 48MP,Snapdragon 8 Gen 2,5000.00,6.7,74999.00,899.00,2023
OnePlus 12T 5G 256GB,OnePlus,200,12,16MP,50MP + 8MP,Snapdragon 8 Gen 2,5000.00,6.7,74999.00,849.00,2023
OnePlus Pad,OnePlus,550,8,8MP,13MP,MediaTek Dimensity 9000,9510.00,11.61,39999.00,499.00,2023
OnePlus Pad 2,OnePlus,550,8,8MP,13MP,MediaTek Dimensity 9000,9510.00,11.61,44999.00,549.00,2024
OnePlus Pad Pro,OnePlus,610,12,16MP,50MP,Snapdragon 8 Gen 3,11000.00,12.4,69999.00,799.00,2024
X200 128GB,Vivo,223,12,32MP,50MP,Dimensity 9400,6000.00,6.78,119999.00,999.00,2024
X200 256GB,Vivo,223,12,32MP,50MP,Dimensity 9400,6000.00,6.78,129999.00,1099.00,2024
X200 Pro 256GB,Vivo,223,16,32MP,200MP,Dimensity 9400,6000.00,6.78,139999.00,1199.00,2024
X200 Pro 512GB,Vivo,223,16,32MP,200MP,Dimensity 9400,6000.00,6.78,149999.00,1299.00,2024
X200 Pro Mini 256GB,Vivo,187,16,32MP,50MP,Dimensity 9400,5700.00,6.31,109999.00,949.00,2024
V40e 128GB,Vivo,179,8,44MP,64MP,Snapdragon 778G,4100.00,6.44,44999.00,449.00,2024
Y200 GT 128GB,Vivo,190,12,16MP,64MP,Dimensity 1200,5000.00,6.58,39999.00,399.00,2024
T3 5G 128GB,Vivo,180,8,16MP,50MP,Snapdragon 870,5000.00,6.67,34999.00,349.00,2024
Y100 5G 128GB,Vivo,181,8,16MP,64MP,Dimensity 900,4500.00,6.38,29999.00,299.00,2024
S18 Pro 256GB,Vivo,189,12,32MP,108MP,Snapdragon 8 Gen 2,4700.00,6.56,59999.00,599.00,2024
V30 Pro 128GB,Vivo,192,12,32MP,64MP,Dimensity 1100,4500.00,6.44,49999.00,549.00,2024
iQOO 12 256GB,Vivo,210,16,16MP,50MP,Snapdragon 8 Gen 3,5000.00,6.78,64999.00,699.00,2024
Z3 64GB,Vivo,162,6,12MP,16MP,Snapdragon 710,3315.00,6.3,22999.00,249.00,2018
V9 64GB,Vivo,150,4,24MP,16MP,Snapdragon 626,3260.00,6.3,19999.00,219.00,2018
X9 Plus 128GB,Vivo,199,6,20MP+8MP,16MP,Snapdragon 653,4000.00,5.88,24999.00,299.00,2017
Y81 32GB,Vivo,146,3,5MP,13MP,MediaTek Helio P22,3260.00,6.22,12999.00,149.00,2018
X5Max 16GB,Vivo,146,2,5MP,13MP,Snapdragon 615,2300.00,5.5,16999.00,199.00,2014
V5 Plus 64GB,Vivo,158,4,20MP+8MP,16MP,Snapdragon 625,3055.00,5.5,22999.00,249.00,2017
Y95 64GB,Vivo,163,4,20MP,13MP+2MP,Snapdragon 439,4030.00,6.22,16999.00,199.00,2018
V3 Max 32GB,Vivo,168,4,8MP,13MP,Snapdragon 652,3000.00,5.5,13999.00,179.00,2016
X3S 16GB,Vivo,153,1,5MP,13MP,MediaTek MT6592,2000.00,5,10999.00,139.00,2014
Y66 32GB,Vivo,155,3,16MP,13MP,Snapdragon 430,3000.00,5.5,14999.00,179.00,2017
V19 128GB,Vivo,176,8,32MP,48MP,Qualcomm Snapdragon 712,4500.00,6.44,27990.00,399.00,2020
V19 256GB,Vivo,176,8,32MP,48MP,Qualcomm Snapdragon 712,4500.00,6.44,31990.00,429.00,2020
V17 Pro 128GB,Vivo,201,8,32MP,48MP,Qualcomm Snapdragon 675,4100.00,6.44,27990.00,399.00,2019
V17 Pro 256GB,Vivo,201,8,32MP,48MP,Qualcomm Snapdragon 675,4100.00,6.44,33990.00,429.00,2019
Y12s 64GB,Vivo,191,3,8MP,13MP,MediaTek Helio P35,5000.00,6.51,10990.00,159.00,2020
Y12s 128GB,Vivo,191,4,8MP,13MP,MediaTek Helio P35,5000.00,6.51,13990.00,179.00,2020
S1 Pro 128GB,Vivo,185,6,32MP,48MP,MediaTek Helio P65,4500.00,6.38,19990.00,249.00,2019
S1 Pro 256GB,Vivo,185,6,32MP,48MP,MediaTek Helio P65,4500.00,6.38,24990.00,269.00,2019
Y11 32GB,Vivo,190,3,8MP,13MP,Qualcomm Snapdragon 439,5000.00,6.35,10999.00,149.00,2019
Y11 64GB,Vivo,190,3,8MP,13MP,Qualcomm Snapdragon 439,5000.00,6.35,13490.00,169.00,2019
V15 128GB,Vivo,190,6,32MP,48MP,MediaTek Helio P70,4000.00,6.53,22990.00,299.00,2019
V15 256GB,Vivo,190,6,32MP,48MP,MediaTek Helio P70,4000.00,6.53,26990.00,319.00,2019
X27 Pro 128GB,Vivo,190,8,32MP,48MP,Qualcomm Snapdragon 710,4000.00,6.39,35990.00,499.00,2019
X27 Pro 256GB,Vivo,190,8,32MP,48MP,Qualcomm Snapdragon 710,4000.00,6.39,39990.00,549.00,2019
Y30 128GB,Vivo,193,4,8MP,13MP,MediaTek Helio P35,5000.00,6.47,14990.00,199.00,2020
Y30 64GB,Vivo,193,3,8MP,13MP,MediaTek Helio P35,5000.00,6.47,11990.00,169.00,2020
Z1 Pro 64GB,Vivo,159,4,16MP,16MP,Qualcomm Snapdragon 712,4500.00,6.53,18990.00,249.00,2019
Z1 Pro 128GB,Vivo,159,6,16MP,16MP,Qualcomm Snapdragon 712,4500.00,6.53,22990.00,299.00,2019
X21 128GB,Vivo,156,6,12MP,12MP,Qualcomm Snapdragon 660,3200.00,6.28,24990.00,349.00,2018
X21 64GB,Vivo,156,4,12MP,12MP,Qualcomm Snapdragon 660,3200.00,6.28,21990.00,299.00,2018
V23e 128GB,Vivo,172,8,50MP,64MP,MediaTek Helio G96,4050.00,6.44,20999.00,299.00,2021
V23e 256GB,Vivo,172,8,50MP,64MP,MediaTek Helio G96,4050.00,6.44,24999.00,349.00,2021
Y33s 128GB,Vivo,182,8,16MP,50MP,MediaTek Helio G80,5000.00,6.58,17999.00,239.00,2021
Y33s 64GB,Vivo,182,4,16MP,50MP,MediaTek Helio G80,5000.00,6.58,14999.00,179.00,2021
X60 Pro 256GB,Vivo,190,12,32MP,48MP,Qualcomm Snapdragon 870,4200.00,6.56,44999.00,899.00,2021
X60 Pro 512GB,Vivo,190,12,32MP,48MP,Qualcomm Snapdragon 870,4200.00,6.56,49999.00,999.00,2021
V20 Pro 128GB,Vivo,173,8,44MP,64MP,Qualcomm Snapdragon 765G,4000.00,6.44,25999.00,499.00,2020
V20 Pro 256GB,Vivo,173,8,44MP,64MP,Qualcomm Snapdragon 765G,4000.00,6.44,29999.00,549.00,2020
Y75 5G 128GB,Vivo,179,8,16MP,50MP,MediaTek Dimensity 700,5000.00,6.58,21999.00,349.00,2021
Y75 5G 256GB,Vivo,179,8,16MP,50MP,MediaTek Dimensity 700,5000.00,6.58,25999.00,399.00,2021
Y53s 128GB,Vivo,190,6,16MP,64MP,MediaTek Helio G80,5000.00,6.58,16999.00,229.00,2021
Y53s 64GB,Vivo,190,6,16MP,64MP,MediaTek Helio G80,5000.00,6.58,13999.00,179.00,2021
V15 Pro 128GB,Vivo,185,6,32MP,48MP,Qualcomm Snapdragon 675,3700.00,6.39,25999.00,399.00,2019
V15 Pro 256GB,Vivo,185,6,32MP,48MP,Qualcomm Snapdragon 675,3700.00,6.39,29999.00,449.00,2019
X70 Pro 128GB,Vivo,185,8,32MP,50MP,MediaTek Dimensity 1200,4450.00,6.56,39999.00,749.00,2021
X70 Pro 256GB,Vivo,185,8,32MP,50MP,MediaTek Dimensity 1200,4450.00,6.56,44999.00,799.00,2021
T1 5G 128GB,Vivo,181,6,16MP,50MP,Qualcomm Snapdragon 695,5000.00,6.58,17999.00,269.00,2022
T1 5G 256GB,Vivo,181,8,16MP,50MP,Qualcomm Snapdragon 695,5000.00,6.58,21999.00,319.00,2022
X30 Pro 128GB,Vivo,199,8,32MP,64MP,Qualcomm Snapdragon 855,4200.00,6.44,47999.00,899.00,2019
X30 Pro 256GB,Vivo,199,8,32MP,64MP,Qualcomm Snapdragon 855,4200.00,6.44,54999.00,949.00,2019
V27 128GB,Vivo,182,8,50MP,50MP,MediaTek Dimensity 8200,4600.00,6.78,29999.00,599.00,2023
V27 256GB,Vivo,182,8,50MP,50MP,MediaTek Dimensity 8200,4600.00,6.78,32999.00,649.00,2023
V27 Pro 128GB,Vivo,182,8,50MP,50MP,MediaTek Dimensity 8200,4600.00,6.78,34999.00,699.00,2023
V27 Pro 256GB,Vivo,182,8,50MP,50MP,MediaTek Dimensity 8200,4600.00,6.78,37999.00,749.00,2023
V25 Pro 128GB,Vivo,190,8,32MP,64MP,MediaTek Dimensity 1300,4830.00,6.56,25999.00,599.00,2022
V25 Pro 256GB,Vivo,190,8,32MP,64MP,MediaTek Dimensity 1300,4830.00,6.56,29999.00,649.00,2022
X90 Pro 256GB,Vivo,221,12,32MP,50MP,MediaTek Dimensity 9200,4870.00,6.78,69999.00,1099.00,2022
X90 Pro 512GB,Vivo,221,12,32MP,50MP,MediaTek Dimensity 9200,4870.00,6.78,79999.00,1199.00,2022
Y100 128GB,Vivo,190,8,16MP,64MP,MediaTek Dimensity 900,4500.00,6.44,19999.00,399.00,2023
Y100 256GB,Vivo,190,8,16MP,64MP,MediaTek Dimensity 900,4500.00,6.44,22999.00,449.00,2023
T2 Series 128GB,Vivo,190,8,16MP,64MP,Qualcomm Snapdragon 695,4500.00,6.44,15999.00,299.00,2023
T2 Series 256GB,Vivo,190,8,16MP,64MP,Qualcomm Snapdragon 695,4500.00,6.44,18999.00,349.00,2023
V23 5G 128GB,Vivo,179,8,50MP,64MP,MediaTek Dimensity 920,4200.00,6.44,27999.00,499.00,2022
V23 5G 256GB,Vivo,179,8,50MP,64MP,MediaTek Dimensity 920,4200.00,6.44,32999.00,549.00,2022
X80 256GB,Vivo,206,12,32MP,50MP,MediaTek Dimensity 9000,4700.00,6.78,59999.00,899.00,2022
X80 512GB,Vivo,206,12,32MP,50MP,MediaTek Dimensity 9000,4700.00,6.78,69999.00,999.00,2022
Y21 128GB,Vivo,182,4,8MP,13MP,MediaTek Helio P35,5000.00,6.51,12999.00,199.00,2021
Y21 64GB,Vivo,182,4,8MP,13MP,MediaTek Helio P35,5000.00,6.51,9999.00,179.00,2021
Pad 128GB,Vivo,498,6,8MP,13MP,Snapdragon 870,8040.00,11,34999.00,329.00,2022
Pad 2 256GB,Vivo,535,8,8MP,50MP,MediaTek Dimensity 1200,8040.00,11,39999.00,399.00,2023
Pad Air 128GB,Vivo,510,6,8MP,13MP,Snapdragon 870,8040.00,10.4,31999.00,279.00,2023
Pad 3 128GB,Vivo,500,6,8MP,13MP,Snapdragon 750G,8040.00,11,34999.00,349.00,2023
Pad 3 Pro 256GB,Vivo,550,8,8MP,50MP,Snapdragon 888,8040.00,12.3,45999.00,449.00,2023
Pad 4 Pro 256GB,Vivo,560,8,8MP,50MP,MediaTek Dimensity 9000,8040.00,12.9,49999.00,499.00,2024
Pad 128GB,iQOO,520,6,8MP,13MP,Snapdragon 870,8040.00,11,37999.00,349.00,2023
Pad 2 256GB,iQOO,540,8,8MP,50MP,Snapdragon 888,8040.00,12.3,43999.00,399.00,2024
Pad 2 Pro 256GB,iQOO,555,8,8MP,50MP,Snapdragon 8 Gen 1,8040.00,12.3,49999.00,449.00,2024
Find N3 512GB,Oppo,239,12,32MP,48MP + 64MP + 48MP,Snapdragon 8 Gen 2,4805.00,7.82,159999.00,1399.00,2023
Find N3 Flip 256GB,Oppo,198,12,32MP,50MP + 32MP + 48MP,MediaTek Dimensity 9200,4300.00,6.8,109999.00,999.00,2023
Find X8 Pro 256GB,Oppo,210,12,32MP,50MP + 50MP + 50MP,Snapdragon 8 Gen 2,5000.00,6.8,139999.00,1299.00,2024
Find X8 256GB,Oppo,195,8,32MP,50MP + 50MP,Snapdragon 8 Gen 2,4800.00,6.7,119999.00,1099.00,2024
Reno13 F 4G 256GB,Oppo,192,8,32MP,50MP + 8MP + 2MP,MediaTek Helio G100,5800.00,6.67,44999.00,499.00,2025
Reno13 F 256GB,Oppo,192,8,32MP,50MP + 8MP + 2MP,MediaTek Helio G100,5800.00,6.67,44999.00,499.00,2025
Reno13 Pro 512GB,Oppo,210,12,50MP,50MP + 50MP + 8MP,MediaTek Dimensity 8350,5800.00,6.83,69999.00,799.00,2025
Reno13 256GB,Oppo,200,12,50MP,50MP + 8MP,MediaTek Dimensity 8350,5600.00,6.59,54999.00,699.00,2025
Reno12 F 4G 256GB,Oppo,187,8,32MP,50MP + 8MP + 2MP,Snapdragon 685,5000.00,6.7,39999.00,449.00,2024
Reno12 F 256GB,Oppo,187,8,32MP,50MP + 8MP + 2MP,Snapdragon 685,5000.00,6.7,39999.00,449.00,2024
Reno12 Pro 512GB,Oppo,190,12,32MP,50MP + 32MP + 8MP,MediaTek Dimensity 8200,4600.00,6.74,64999.00,749.00,2024
Reno12 256GB,Oppo,185,8,32MP,50MP + 8MP,MediaTek Dimensity 7050,5000.00,6.7,49999.00,599.00,2024
Reno11 F 256GB,Oppo,185,8,32MP,64MP + 8MP + 2MP,MediaTek Dimensity 7050,5000.00,6.7,44999.00,499.00,2024
Reno11 Pro 512GB,Oppo,190,12,32MP,50MP + 32MP + 8MP,MediaTek Dimensity 8200,4600.00,6.74,59999.00,699.00,2024
A5 Pro 256GB,Oppo,180,8,16MP,50MP + 2MP,Dimensity 7300,6000.00,6.7,49999.00,599.00,2024
A5 Pro 512GB,Oppo,186,12,16MP,50MP + 2MP,Dimensity 7300,6000.00,6.7,54999.00,699.00,2024
A80 256GB,Oppo,186,8,8MP,50MP + 2MP,Dimensity 6300,5100.00,6.67,44999.00,499.00,2024
A3 4G 128GB,Oppo,186,4,5MP,50MP,Snapdragon 6s 4G Gen 1,5000.00,6.7,34999.00,399.00,2024
A3x 4G 128GB,Oppo,186,4,8MP,8MP + 2MP,Snapdragon 6s 4G Gen 1,5100.00,6.67,36999.00,449.00,2024
A3x 4G 256GB,Oppo,186,6,8MP,8MP + 2MP,Snapdragon 6s 4G Gen 1,5100.00,6.67,39999.00,499.00,2024
A3 128GB,Oppo,186,4,5MP,50MP,Snapdragon 6s 4G Gen 1,5000.00,6.7,34999.00,399.00,2024
A3x 128GB,Oppo,186,4,8MP,8MP + 2MP,Snapdragon 6s 4G Gen 1,5100.00,6.67,36999.00,449.00,2024
A3x 256GB,Oppo,186,6,8MP,8MP + 2MP,Snapdragon 6s 4G Gen 1,5100.00,6.67,39999.00,499.00,2024
A3 128GB,Oppo,186,4,5MP,50MP,Snapdragon 6s 4G Gen 1,5000.00,6.7,34999.00,399.00,2024
A60 128GB,Oppo,186,8,8MP,50MP + 2MP,Snapdragon 680 4G,5000.00,6.67,39999.00,449.00,2024
A60 256GB,Oppo,186,8,8MP,50MP + 2MP,Snapdragon 680 4G,5000.00,6.67,42999.00,499.00,2024
K12 Plus 256GB,Oppo,192,8,16MP,50MP,Snapdragon 7 Gen 3,6400.00,6.7,59999.00,699.00,2024
K12 Plus 512GB,Oppo,192,12,16MP,50MP,Snapdragon 7 Gen 3,6400.00,6.7,64999.00,799.00,2024
F27 128GB,Oppo,175,8,32MP,64MP + 2MP,Dimensity 7050,5000.00,6.7,44999.00,499.00,2024
F27 256GB,Oppo,175,8,32MP,64MP + 2MP,Dimensity 7050,5000.00,6.7,47999.00,549.00,2024
F27 Pro+ 256GB,Oppo,177,8,32MP,64MP + 2MP,Dimensity 7050,5000.00,6.7,49999.00,599.00,2024
F27 Pro+ 512GB,Oppo,177,12,32MP,64MP + 2MP,Dimensity 7050,5000.00,6.7,54999.00,699.00,2024
F25 Pro 128GB,Oppo,173,8,32MP,64MP + 2MP,Snapdragon 778G,4500.00,6.55,42999.00,549.00,2023
F25 Pro 256GB,Oppo,173,8,32MP,64MP + 2MP,Snapdragon 778G,4500.00,6.55,44999.00,599.00,2023
Pad 3 128GB,Oppo,533,8,8MP,13MP,Dimensity 8350,9510.00,11.6,54999.00,699.00,2024
Pad 3 256GB,Oppo,533,12,8MP,13MP,Dimensity 8350,9510.00,11.6,59999.00,799.00,2024
Pad 3 Pro 256GB,Oppo,586,12,8MP,13MP,Snapdragon 8 Gen 3,9510.00,12.1,64999.00,899.00,2024
Pad 3 Pro 512GB,Oppo,586,16,8MP,13MP,Snapdragon 8 Gen 3,9510.00,12.1,69999.00,999.00,2024
Pad Neo 128GB,Oppo,520,6,8MP,13MP,Snapdragon 870,8360.00,11,44999.00,499.00,2023
Pad Neo 256GB,Oppo,520,8,8MP,13MP,Snapdragon 870,8360.00,11,49999.00,599.00,2023
Find X7 Ultra 256GB,Oppo,221,12,32MP,50MP + 50MP + 50MP,Snapdragon 8 Gen 3,5000.00,6.82,109999.00,1199.00,2024
Find X7 Ultra 512GB,Oppo,221,16,32MP,50MP + 50MP + 50MP,Snapdragon 8 Gen 3,5000.00,6.82,119999.00,1299.00,2024
Find X7 256GB,Oppo,206,12,32MP,50MP + 50MP + 64MP,Dimensity 9300,5000.00,6.78,99999.00,1099.00,2024
Find X7 512GB,Oppo,206,16,32MP,50MP + 50MP + 64MP,Dimensity 9300,5000.00,6.78,109999.00,1199.00,2024
Find X6 Pro 256GB,Oppo,218,12,32MP,50MP + 50MP + 50MP,Snapdragon 8 Gen 2,5000.00,6.82,94999.00,999.00,2023
Find X6 Pro 512GB,Oppo,218,16,32MP,50MP + 50MP + 50MP,Snapdragon 8 Gen 2,5000.00,6.82,104999.00,1099.00,2023
Find X6 256GB,Oppo,207,12,32MP,50MP + 50MP + 50MP,Dimensity 9200,4800.00,6.74,84999.00,899.00,2023
Find X6 512GB,Oppo,207,16,32MP,50MP + 50MP + 50MP,Dimensity 9200,4800.00,6.74,94999.00,999.00,2023
Find X5 Pro 256GB,Oppo,218,12,32MP,50MP + 50MP + 13MP,Snapdragon 8 Gen 1,5000.00,6.7,89999.00,899.00,2022
Find X5 Pro 512GB,Oppo,218,16,32MP,50MP + 50MP + 13MP,Snapdragon 8 Gen 1,5000.00,6.7,99999.00,999.00,2022
Find X5 256GB,Oppo,196,8,32MP,50MP + 50MP + 13MP,Snapdragon 888,4800.00,6.55,79999.00,799.00,2022
Find N2 Flip 256GB,Oppo,191,8,32MP,50MP + 8MP,Dimensity 9000+,4300.00,6.8,84999.00,899.00,2023
Find N2 Flip 512GB,Oppo,191,12,32MP,50MP + 8MP,Dimensity 9000+,4300.00,6.8,94999.00,999.00,2023
Find N2 256GB,Oppo,233,12,32MP,50MP + 48MP + 32MP,Snapdragon 8+ Gen 1,4520.00,7.1,99999.00,1099.00,2022
Reno10 5G 128GB,Oppo,180,8,32MP,64MP + 32MP + 8MP,Dimensity 7050,5000.00,6.7,38999.00,499.00,2023
Reno10 5G 256GB,Oppo,180,8,32MP,64MP + 32MP + 8MP,Dimensity 7050,5000.00,6.7,42999.00,549.00,2023
Reno10 Pro 5G 256GB,Oppo,186,12,32MP,50MP + 32MP + 8MP,Snapdragon 778G,4600.00,6.7,44999.00,599.00,2023
Reno10 Pro+ 5G 256GB,Oppo,194,16,32MP,50MP + 64MP + 8MP,Snapdragon 8+ Gen 1,4700.00,6.74,54999.00,699.00,2023
Reno9 5G 128GB,Oppo,174,8,32MP,64MP + 2MP,Snapdragon 778G,4500.00,6.7,32999.00,449.00,2022
Reno9 5G 256GB,Oppo,174,12,32MP,64MP + 2MP,Snapdragon 778G,4500.00,6.7,36999.00,499.00,2022
Reno9 Pro 5G 256GB,Oppo,184,16,32MP,50MP + 8MP,Dimensity 8100,4500.00,6.7,42999.00,599.00,2022
Reno9 Pro+ 5G 256GB,Oppo,192,16,32MP,50MP + 8MP + 2MP,Snapdragon 8+ Gen 1,4700.00,6.7,52999.00,649.00,2022
Reno8 5G 128GB,Oppo,179,8,32MP,50MP + 8MP + 2MP,Dimensity 1300,4500.00,6.4,29999.00,399.00,2022
Reno8 5G 256GB,Oppo,179,12,32MP,50MP + 8MP + 2MP,Dimensity 1300,4500.00,6.4,34999.00,449.00,2022
Reno8 Pro 5G 256GB,Oppo,183,12,32MP,50MP + 8MP + 2MP,Dimensity 8100,4500.00,6.7,42999.00,549.00,2022
Reno8 Pro+ 5G 256GB,Oppo,195,12,32MP,50MP + 8MP + 2MP,Dimensity 8100,4500.00,6.7,46999.00,599.00,2022
Reno7 5G 128GB,Oppo,173,8,32MP,64MP + 8MP + 2MP,Dimensity 900,4500.00,6.4,28999.00,349.00,2021
Reno7 5G 256GB,Oppo,173,12,32MP,64MP + 8MP + 2MP,Dimensity 900,4500.00,6.4,32999.00,399.00,2021
Reno7 Pro 5G 256GB,Oppo,180,12,32MP,50MP + 8MP + 2MP,Dimensity 1200,4500.00,6.55,39999.00,499.00,2021
Reno6 5G 128GB,Oppo,182,8,32MP,64MP + 8MP + 2MP,Dimensity 900,4300.00,6.43,29999.00,349.00,2021
Reno6 5G 256GB,Oppo,182,12,32MP,64MP + 8MP + 2MP,Dimensity 900,4300.00,6.43,32999.00,399.00,2021
Reno6 Pro 5G 128GB,Oppo,177,8,32MP,64MP + 8MP + 2MP + 2MP,Dimensity 1200,4500.00,6.55,39999.00,449.00,2021
Reno6 Pro 5G 256GB,Oppo,177,12,32MP,64MP + 8MP + 2MP + 2MP,Dimensity 1200,4500.00,6.55,44999.00,499.00,2021
Reno6 Pro+ 5G 256GB,Oppo,188,12,32MP,50MP + 13MP + 16MP + 2MP,Snapdragon 870,4500.00,6.55,49999.00,599.00,2021
Reno5 5G 128GB,Oppo,180,8,32MP,64MP + 8MP + 2MP + 2MP,Snapdragon 765G,4300.00,6.43,26999.00,299.00,2020
Reno5 5G 256GB,Oppo,180,12,32MP,64MP + 8MP + 2MP + 2MP,Snapdragon 765G,4300.00,6.43,29999.00,349.00,2020
Reno5 Pro 5G 128GB,Oppo,173,8,32MP,64MP + 8MP + 2MP + 2MP,Dimensity 1000+,4350.00,6.55,32999.00,399.00,2020
Reno5 Pro 5G 256GB,Oppo,173,12,32MP,64MP + 8MP + 2MP + 2MP,Dimensity 1000+,4350.00,6.55,36999.00,449.00,2020
Reno5 Pro+ 5G 256GB,Oppo,184,12,32MP,50MP + 16MP + 13MP + 2MP,Snapdragon 865,4500.00,6.55,44999.00,599.00,2020
Reno4 5G 128GB,Oppo,183,8,32MP,48MP + 8MP + 2MP + 2MP,Snapdragon 765G,4000.00,6.43,24999.00,299.00,2020
Reno4 5G 256GB,Oppo,183,8,32MP,48MP + 8MP + 2MP + 2MP,Snapdragon 765G,4000.00,6.43,26999.00,349.00,2020
Reno4 Pro 5G 256GB,Oppo,172,12,32MP,48MP + 13MP + 12MP,Snapdragon 765G,4000.00,6.55,39999.00,499.00,2020
Reno3 5G 128GB,Oppo,181,8,32MP,64MP + 8MP + 2MP + 2MP,Dimensity 1000L,4025.00,6.4,22999.00,249.00,2019
Reno3 5G 256GB,Oppo,181,12,32MP,64MP + 8MP + 2MP + 2MP,Dimensity 1000L,4025.00,6.4,26999.00,299.00,2019
Reno3 Pro 5G 256GB,Oppo,171,12,32MP,48MP + 13MP + 8MP + 2MP,Snapdragon 765G,4025.00,6.5,34999.00,499.00,2019
A59 5G 128GB,Oppo,186,6,8MP,13MP + 2MP,MediaTek Dimensity 6020,5000.00,6.56,14999.00,199.00,2023
A59 5G 256GB,Oppo,186,8,8MP,13MP + 2MP,MediaTek Dimensity 6020,5000.00,6.56,16999.00,229.00,2023
A58 5G 256GB,Oppo,188,8,8MP,50MP + 2MP,MediaTek Dimensity 700,5000.00,6.56,19000.00,249.00,2022
A57 5G 128GB,Oppo,186,6,8MP,13MP + 2MP,MediaTek Dimensity 810,5000.00,6.56,15999.00,219.00,2022
A56 5G 128GB,Oppo,189,6,8MP,13MP + 2MP,MediaTek Dimensity 700,5000.00,6.5,14999.00,199.00,2021
A55 5G 128GB,Oppo,186,6,8MP,13MP + 2MP + 2MP,MediaTek Dimensity 700,5000.00,6.5,13999.00,189.00,2021
A54 5G 128GB,Oppo,190,6,16MP,48MP + 8MP + 2MP + 2MP,Qualcomm Snapdragon 480,5000.00,6.5,15999.00,219.00,2021
A53 5G 128GB,Oppo,175,4,8MP,16MP + 2MP + 2MP,MediaTek Dimensity 720,4040.00,6.5,12999.00,179.00,2020
A52 5G 128GB,Oppo,184,4,8MP,12MP + 8MP + 2MP + 2MP,MediaTek Dimensity 720,4000.00,6.5,11999.00,169.00,2020
A51 5G 128GB,Oppo,186,4,8MP,13MP + 2MP + 2MP,MediaTek Dimensity 700,4000.00,6.5,10999.00,149.00,2020
A50 5G 128GB,Oppo,185,4,8MP,13MP + 2MP,MediaTek Dimensity 700,4000.00,6.5,9999.00,139.00,2020
A49 5G 128GB,Oppo,185,4,8MP,13MP + 2MP,MediaTek Dimensity 700,4000.00,6.5,8999.00,129.00,2020
A40 128GB,Oppo,186,4,5MP,50MP,Qualcomm Snapdragon 6s Gen 1,5100.00,6.67,19999.00,199.00,2024
A40 256GB,Oppo,186,6,5MP,50MP,Qualcomm Snapdragon 6s Gen 1,5100.00,6.67,22999.00,229.00,2024
K11x 128GB,Oppo,195,8,16MP,108MP + 2MP,Qualcomm Snapdragon 695,5000.00,6.72,18000.00,199.00,2023
K11x 256GB,Oppo,195,12,16MP,108MP + 2MP,Qualcomm Snapdragon 695,5000.00,6.72,20000.00,229.00,2023
K10x 128GB,Oppo,195,6,16MP,64MP + 2MP + 2MP,Qualcomm Snapdragon 695,5000.00,6.59,16990.00,199.00,2022
K10x 256GB,Oppo,195,8,16MP,64MP + 2MP + 2MP,Qualcomm Snapdragon 695,5000.00,6.59,18990.00,229.00,2022
K10 5G 128GB,Oppo,205,8,16MP,64MP + 8MP + 2MP,MediaTek Dimensity 8000-Max,5000.00,6.59,19999.00,249.00,2022
K9x 128GB,Oppo,194,6,16MP,64MP + 2MP + 2MP,MediaTek Dimensity 810,5000.00,6.5,15999.00,199.00,2021
K9x 256GB,Oppo,194,8,16MP,64MP + 2MP + 2MP,MediaTek Dimensity 810,5000.00,6.5,17999.00,229.00,2021
K9 Pro 5G 128GB,Oppo,180,8,16MP,64MP + 8MP + 2MP,MediaTek Dimensity 1200,4500.00,6.43,24999.00,299.00,2021
K9 Pro 5G 256GB,Oppo,180,12,16MP,64MP + 8MP + 2MP,MediaTek Dimensity 1200,4500.00,6.43,27999.00,329.00,2021
K9 5G 128GB,Oppo,172,8,32MP,64MP + 8MP + 2MP,Qualcomm Snapdragon 768G,4300.00,6.43,22999.00,279.00,2021
K9 5G 256GB,Oppo,172,8,32MP,64MP + 8MP + 2MP,Qualcomm Snapdragon 768G,4300.00,6.43,24999.00,299.00,2021
K7x 128GB,Oppo,194,6,16MP,48MP + 8MP + 2MP + 2MP,MediaTek Dimensity 720,5000.00,6.5,14999.00,199.00,2020
K7 5G 128GB,Oppo,180,8,32MP,48MP + 8MP + 2MP + 2MP,Qualcomm Snapdragon 765G,4025.00,6.4,19999.00,279.00,2020
K7 5G 256GB,Oppo,180,8,32MP,48MP + 8MP + 2MP + 2MP,Qualcomm Snapdragon 765G,4025.00,6.4,21999.00,299.00,2020
K11x 128GB,Oppo,195,8,16MP,108MP + 2MP,Qualcomm Snapdragon 695,5000.00,6.72,18000.00,199.00,2023
K11x 256GB,Oppo,195,12,16MP,108MP + 2MP,Qualcomm Snapdragon 695,5000.00,6.72,20000.00,229.00,2023
K11 128GB,Oppo,184,8,16MP,64MP + 8MP + 2MP,Qualcomm Snapdragon 782G,5000.00,6.7,21999.00,259.00,2023
K11 256GB,Oppo,184,12,16MP,64MP + 8MP + 2MP,Qualcomm Snapdragon 782G,5000.00,6.7,24999.00,299.00,2023
K10x 128GB,Oppo,195,6,16MP,64MP + 2MP + 2MP,Qualcomm Snapdragon 695,5000.00,6.59,16990.00,199.00,2022
K10x 256GB,Oppo,195,8,16MP,64MP + 2MP + 2MP,Qualcomm Snapdragon 695,5000.00,6.59,18990.00,229.00,2022
K10 5G 128GB,Oppo,205,8,16MP,64MP + 8MP + 2MP,MediaTek Dimensity 8000-Max,5000.00,6.59,19999.00,249.00,2022
K10 5G 256GB,Oppo,205,12,16MP,64MP + 8MP + 2MP,MediaTek Dimensity 8000-Max,5000.00,6.59,22999.00,279.00,2022
K9x 128GB,Oppo,194,6,16MP,64MP + 2MP + 2MP,MediaTek Dimensity 810,5000.00,6.5,15999.00,199.00,2021
K9x 256GB,Oppo,194,8,16MP,64MP + 2MP + 2MP,MediaTek Dimensity 810,5000.00,6.5,17999.00,229.00,2021
K9 Pro 5G 128GB,Oppo,180,8,16MP,64MP + 8MP + 2MP,MediaTek Dimensity 1200,4500.00,6.43,24999.00,299.00,2021
K9 Pro 5G 256GB,Oppo,180,12,16MP,64MP + 8MP + 2MP,MediaTek Dimensity 1200,4500.00,6.43,27999.00,329.00,2021
K9 5G 128GB,Oppo,172,8,32MP,64MP + 8MP + 2MP,Qualcomm Snapdragon 768G,4300.00,6.43,22999.00,279.00,2021
K9 5G 256GB,Oppo,172,8,32MP,64MP + 8MP + 2MP,Qualcomm Snapdragon 768G,4300.00,6.43,24999.00,299.00,2021
K7x 128GB,Oppo,194,6,16MP,48MP + 8MP + 2MP + 2MP,MediaTek Dimensity 720,5000.00,6.5,14999.00,199.00,2020
K7 5G 128GB,Oppo,180,8,32MP,48MP + 8MP + 2MP + 2MP,Qualcomm Snapdragon 765G,4025.00,6.4,19999.00,279.00,2020
GT 7 Pro 128GB,Realme,222.8,12,16MP,50MP + 50MP + 8MP,Qualcomm Snapdragon 8 Elite,6500.00,6.78,59999.00,470.00,2024
GT 7 Pro 256GB,Realme,222.8,16,16MP,50MP + 50MP + 8MP,Qualcomm Snapdragon 8 Elite,6500.00,6.78,65999.00,500.00,2024
GT 6 128GB,Realme,191,8,32MP,50MP + 8MP + 50MP,Qualcomm Snapdragon 8s Gen 3,5500.00,6.78,37999.00,380.00,2023
GT 6 256GB,Realme,191,12,32MP,50MP + 8MP + 50MP,Qualcomm Snapdragon 8s Gen 3,5500.00,6.78,39999.00,400.00,2023
GT 6 512GB,Realme,191,16,32MP,50MP + 8MP + 50MP,Qualcomm Snapdragon 8s Gen 3,5500.00,6.78,41999.00,420.00,2023
GT 6T 128GB,Realme,191,8,32MP,50MP + 8MP,Qualcomm Snapdragon 7 Plus Gen 3,5500.00,6.78,28756.00,360.00,2023
GT 6T 256GB,Realme,191,8,32MP,50MP + 8MP,Qualcomm Snapdragon 7 Plus Gen 3,5500.00,6.78,30999.00,380.00,2023
14 Pro+ 5G 256GB,Realme,184,12,16MP,50MP + 8MP + 50MP,Qualcomm Snapdragon 7s Gen 3,6000.00,6.83,34999.00,340.00,2025
14 Pro+ 5G 512GB,Realme,184,12,16MP,50MP + 8MP + 50MP,Qualcomm Snapdragon 7s Gen 3,6000.00,6.83,36999.00,360.00,2025
14 Pro 5G 128GB,Realme,184,8,16MP,50MP + 8MP,MediaTek Dimensity 7300 Energy,5800.00,6.7,29999.00,320.00,2025
14 Pro 5G 256GB,Realme,184,8,16MP,50MP + 8MP,MediaTek Dimensity 7300 Energy,5800.00,6.7,31999.00,340.00,2025
14x 5G 128GB,Realme,190,6,16MP,48MP + 2MP + 2MP,Qualcomm Snapdragon 7s Gen 2,5500.00,6.6,24999.00,270.00,2025
14x 5G 256GB,Realme,190,8,16MP,48MP + 2MP + 2MP,Qualcomm Snapdragon 7s Gen 2,5500.00,6.6,26999.00,290.00,2025
13+ 5G 128GB,Realme,185,8,16MP,50MP + 2MP,MediaTek Dimensity 7200,5000.00,6.5,22999.00,250.00,2024
13+ 5G 256GB,Realme,185,8,16MP,50MP + 2MP,MediaTek Dimensity 7200,5000.00,6.5,24999.00,270.00,2024
13 5G 128GB,Realme,190,6,16MP,50MP + 2MP,MediaTek Dimensity 6100+,5000.00,6.6,18999.00,220.00,2024
13 5G 256GB,Realme,190,8,16MP,50MP + 2MP,MediaTek Dimensity 6100+,5000.00,6.6,20999.00,240.00,2024
13 Pro 5G 128GB,Realme,192,8,16MP,50MP + 8MP + 2MP,Qualcomm Snapdragon 7s Gen 2,5200.00,6.7,27999.00,300.00,2024
13 Pro 5G 256GB,Realme,192,12,16MP,50MP + 8MP + 2MP,Qualcomm Snapdragon 7s Gen 2,5200.00,6.7,29999.00,320.00,2024
13 Pro+ 5G 256GB,Realme,195,12,32MP,50MP + 8MP + 50MP,Qualcomm Snapdragon 7+ Gen 2,5500.00,6.78,34999.00,360.00,2024
13 Pro+ 5G 512GB,Realme,195,16,32MP,50MP + 8MP + 50MP,Qualcomm Snapdragon 7+ Gen 2,5500.00,6.78,36999.00,380.00,2024
P1 Speed 5G 128GB,Realme,185,8,16MP,64MP + 2MP,MediaTek Dimensity 8100,5100.00,6.7,19999.00,250.00,2024
P1 Speed 5G 256GB,Realme,185,12,16MP,64MP + 2MP,MediaTek Dimensity 8100,5100.00,6.7,21999.00,270.00,2024
P2 Pro 5G 256GB,Realme,188,12,32MP,50MP + 8MP + 50MP,Qualcomm Snapdragon 7+ Gen 3,5500.00,6.78,32999.00,340.00,2024
P2 Pro 5G 512GB,Realme,188,16,32MP,50MP + 8MP + 50MP,Qualcomm Snapdragon 7+ Gen 3,5500.00,6.78,34999.00,360.00,2024
P1 5G 128GB,Realme,184,6,16MP,50MP + 2MP,MediaTek Dimensity 6100+,5000.00,6.6,16999.00,200.00,2024
P1 5G 256GB,Realme,184,8,16MP,50MP + 2MP,MediaTek Dimensity 6100+,5000.00,6.6,18999.00,220.00,2024
P1 Pro 5G 128GB,Realme,190,8,16MP,64MP + 2MP,Qualcomm Snapdragon 7s Gen 1,5200.00,6.7,22999.00,270.00,2024
P1 Pro 5G 256GB,Realme,190,12,16MP,64MP + 2MP,Qualcomm Snapdragon 7s Gen 1,5200.00,6.7,24999.00,290.00,2024
Narzo 70 Turbo 5G 128GB,Realme,200,8,16MP,50MP + 2MP,MediaTek Dimensity 810,5000.00,6.6,19999.00,240.00,2024
Narzo 70 Turbo 5G 256GB,Realme,200,8,16MP,50MP + 2MP,MediaTek Dimensity 810,5000.00,6.6,21999.00,260.00,2024
Narzo N61 128GB,Realme,195,6,16MP,50MP + 2MP,MediaTek Helio G99,5000.00,6.5,14999.00,180.00,2024
Narzo N63 128GB,Realme,193,6,16MP,50MP + 2MP,MediaTek Helio G88,5000.00,6.5,13999.00,160.00,2024
Narzo N65 5G 128GB,Realme,198,8,16MP,50MP + 2MP,MediaTek Dimensity 700,5000.00,6.6,17999.00,210.00,2024
Narzo 70 5G 128GB,Realme,198,8,16MP,50MP + 2MP,MediaTek Dimensity 810,5200.00,6.6,19499.00,230.00,2024
C75 128GB,Realme,190,6,8MP,50MP + 2MP,MediaTek Helio G85,5000.00,6.6,13999.00,160.00,2024
C75 256GB,Realme,190,8,8MP,50MP + 2MP,MediaTek Helio G85,5000.00,6.6,15999.00,180.00,2024
C61 128GB,Realme,189,4,8MP,50MP + 2MP,Unisoc T612,5000.00,6.5,11999.00,130.00,2024
C67 128GB,Realme,195,6,8MP,50MP + 2MP,MediaTek Helio G88,5000.00,6.6,14999.00,170.00,2024
C67 256GB,Realme,195,8,8MP,50MP + 2MP,MediaTek Helio G88,5000.00,6.6,16999.00,190.00,2024
C65 128GB,Realme,192,6,8MP,50MP + 2MP,Qualcomm Snapdragon 680,5000.00,6.6,13999.00,160.00,2024
C65 256GB,Realme,192,8,8MP,50MP + 2MP,Qualcomm Snapdragon 680,5000.00,6.6,15999.00,180.00,2024
C63 128GB,Realme,191,6,8MP,50MP + 2MP,MediaTek Helio G85,5000.00,6.6,13499.00,150.00,2024
C55 128GB,Realme,189,6,8MP,64MP + 2MP,MediaTek Helio G88,5000.00,6.72,14999.00,170.00,2023
C55 256GB,Realme,189,8,8MP,64MP + 2MP,MediaTek Helio G88,5000.00,6.72,16999.00,190.00,2023
Note 60x 128GB,Realme,198,6,16MP,50MP + 2MP,MediaTek Dimensity 6100+,5200.00,6.6,17999.00,210.00,2024
Note 60 128GB,Realme,196,6,16MP,50MP + 2MP,MediaTek Dimensity 810,5200.00,6.6,18999.00,220.00,2024
Note 60 256GB,Realme,196,8,16MP,50MP + 2MP,MediaTek Dimensity 810,5200.00,6.6,20999.00,240.00,2024
Note 50 128GB,Realme,195,6,16MP,50MP + 2MP,MediaTek Helio G99,5000.00,6.5,15999.00,170.00,2024
GT 7 128GB,Realme,199,8,16MP,50MP + 8MP + 2MP,Qualcomm Snapdragon 8 Gen 2,5200.00,6.8,47999.00,440.00,2024
GT 7 256GB,Realme,199,12,16MP,50MP + 8MP + 2MP,Qualcomm Snapdragon 8 Gen 2,5200.00,6.8,53999.00,500.00,2024
Neo 7 128GB,Realme,193,8,16MP,64MP + 8MP + 2MP,MediaTek Dimensity 8200,5000.00,6.7,30999.00,330.00,2024
Neo 7 256GB,Realme,193,12,16MP,64MP + 8MP + 2MP,MediaTek Dimensity 8200,5000.00,6.7,36999.00,380.00,2024
P2 Pro 5G 128GB,Realme,195,8,16MP,50MP + 8MP,MediaTek Dimensity 9200,5100.00,6.7,32999.00,350.00,2024
P2 Pro 5G 256GB,Realme,195,12,16MP,50MP + 8MP,MediaTek Dimensity 9200,5100.00,6.7,38999.00,400.00,2024
Pad 64GB,Realme,440,4,8MP,8MP,MediaTek Helio G80,7100.00,10.4,19999.00,200.00,2021
Pad 128GB,Realme,440,6,8MP,8MP,MediaTek Helio G80,7100.00,10.4,22999.00,230.00,2021
Pad 2 128GB,Realme,482,6,8MP,8MP,MediaTek Helio G99,8360.00,11.5,27999.00,280.00,2023
Pad 2 256GB,Realme,482,8,8MP,8MP,MediaTek Helio G99,8360.00,11.5,31999.00,320.00,2023
Pad 2 Lite 64GB,Realme,466,4,8MP,8MP,MediaTek Helio G85,7100.00,10.4,18999.00,190.00,2023
Pad 2 Lite 128GB,Realme,466,6,8MP,8MP,MediaTek Helio G85,7100.00,10.4,20999.00,210.00,2023
Pad X 64GB,Realme,499,4,8MP,13MP,Qualcomm Snapdragon 695,8340.00,11,29999.00,310.00,2022
Pad X 128GB,Realme,499,6,8MP,13MP,Qualcomm Snapdragon 695,8340.00,11,33999.00,350.00,2022
Pad Mini 32GB,Realme,372,3,5MP,8MP,Unisoc T616,6400.00,8.7,15999.00,160.00,2022
Pad Mini 64GB,Realme,372,4,5MP,8MP,Unisoc T616,6400.00,8.7,17999.00,180.00,2022
Pad Slim 64GB,Realme,440,4,8MP,8MP,MediaTek Helio G80,7100.00,10.4,19499.00,200.00,2022
Pad Slim 128GB,Realme,440,6,8MP,8MP,MediaTek Helio G80,7100.00,10.4,21999.00,220.00,2022
TechLife Pad Neo 64GB,Realme,465,4,8MP,8MP,MediaTek Helio G85,7200.00,10.5,20999.00,210.00,2024
TechLife Pad Neo 128GB,Realme,465,6,8MP,8MP,MediaTek Helio G85,7200.00,10.5,22999.00,230.00,2024
Xiaomi 15 Pro 256GB,Xiaomi,210,12,32MP,50MP (Main) + 50MP (Ultra-wide) + 50MP (Telephoto),Snapdragon 8 Elite,6100.00,6.73,89999.00,799.00,2024
Xiaomi 15 Pro 512GB,Xiaomi,210,16,32MP,50MP (Main) + 50MP (Ultra-wide) + 50MP (Telephoto),Snapdragon 8 Elite,6100.00,6.73,99999.00,899.00,2024
Xiaomi 15 Pro 1TB,Xiaomi,210,16,32MP,50MP (Main) + 50MP (Ultra-wide) + 50MP (Telephoto),Snapdragon 8 Elite,6100.00,6.73,109999.00,999.00,2024
Xiaomi 15 256GB,Xiaomi,190,12,32MP,50MP (Main) + 50MP (Ultra-wide),Snapdragon 8 Elite,5400.00,6.36,79999.00,699.00,2024
Xiaomi 15 512GB,Xiaomi,190,16,32MP,50MP (Main) + 50MP (Ultra-wide),Snapdragon 8 Elite,5400.00,6.36,89999.00,799.00,2024
Xiaomi 14T Pro 256GB,Xiaomi,209,12,32MP,50MP (Main) + 50MP (Ultra-wide) + 50MP (Telephoto),Dimensity 9300+,5000.00,6.67,74999.00,634.99,2024
Xiaomi 14T Pro 512GB,Xiaomi,209,12,32MP,50MP (Main) + 50MP (Ultra-wide) + 50MP (Telephoto),Dimensity 9300+,5000.00,6.67,84999.00,790.77,2024
Xiaomi 14T Pro 1TB,Xiaomi,209,12,32MP,50MP (Main) + 50MP (Ultra-wide) + 50MP (Telephoto),Dimensity 9300+,5000.00,6.67,94999.00,899.00,2024
Xiaomi 14T 256GB,Xiaomi,195,12,32MP,50MP (Main) + 50MP (Ultra-wide),Dimensity 8300-Ultra,5000.00,6.67,69999.00,599.00,2024
Xiaomi 14T 512GB,Xiaomi,195,12,32MP,50MP (Main) + 50MP (Ultra-wide),Dimensity 8300-Ultra,5000.00,6.67,79999.00,699.00,2024
Xiaomi 14 Pro 256GB,Xiaomi,206,12,32MP,50MP (Main) + 50MP (Ultra-wide) + 50MP (Telephoto),Snapdragon 8 Gen 3,5000.00,6.73,84999.00,799.00,2023
Xiaomi 14 Pro 512GB,Xiaomi,206,12,32MP,50MP (Main) + 50MP (Ultra-wide) + 50MP (Telephoto),Snapdragon 8 Gen 3,5000.00,6.73,94999.00,899.00,2023
Xiaomi 14 256GB,Xiaomi,189,12,32MP,50MP (Main) + 50MP (Ultra-wide),Snapdragon 8 Gen 3,4610.00,6.36,74999.00,699.00,2023
Xiaomi 14 512GB,Xiaomi,189,12,32MP,50MP (Main) + 50MP (Ultra-wide),Snapdragon 8 Gen 3,4610.00,6.36,84999.00,799.00,2023
Redmi Note 14 Pro+ 5G 128GB,Xiaomi,205,8,16MP,200MP (Main) + 8MP (Ultra-wide) + 2MP (Macro),Snapdragon 7s Gen 3,5110.00,6.67,29999.00,374.90,2024
Redmi Note 14 Pro+ 5G 256GB,Xiaomi,205,12,16MP,200MP (Main) + 8MP (Ultra-wide) + 2MP (Macro),Snapdragon 7s Gen 3,5110.00,6.67,32999.00,399.00,2024
Redmi Note 14 Pro+ 5G 512GB,Xiaomi,205,16,16MP,200MP (Main) + 8MP (Ultra-wide) + 2MP (Macro),Snapdragon 7s Gen 3,5110.00,6.67,35999.00,429.00,2024
Redmi Note 14 Pro 5G 128GB,Xiaomi,195,8,16MP,108MP (Main) + 8MP (Ultra-wide) + 2MP (Macro),MediaTek Dimensity 7300-Ultra,5500.00,6.67,27999.00,349.00,2024
Redmi Note 14 Pro 5G 256GB,Xiaomi,195,12,16MP,108MP (Main) + 8MP (Ultra-wide) + 2MP (Macro),MediaTek Dimensity 7300-Ultra,5500.00,6.67,30999.00,379.00,2024
Redmi Note 14 Pro 4G 128GB,Xiaomi,190,6,16MP,108MP (Main) + 8MP (Ultra-wide) + 2MP (Macro),Qualcomm Snapdragon 732G,5000.00,6.67,24999.00,299.00,2024
Redmi Note 14 Pro 4G 256GB,Xiaomi,190,8,16MP,108MP (Main) + 8MP (Ultra-wide) + 2MP (Macro),Qualcomm Snapdragon 732G,5000.00,6.67,27999.00,329.00,2024
Redmi Note 14 5G 128GB,Xiaomi,185,6,16MP,50MP (Main) + 8MP (Ultra-wide) + 2MP (Macro),MediaTek Dimensity 7025-Ultra,5000.00,6.67,21999.00,279.00,2024
Redmi Note 14 5G 256GB,Xiaomi,185,8,16MP,50MP (Main) + 8MP (Ultra-wide) + 2MP (Macro),MediaTek Dimensity 7025-Ultra,5000.00,6.67,24999.00,309.00,2024
Redmi Note 14 4G 128GB,Xiaomi,180,4,16MP,50MP (Main) + 8MP (Ultra-wide) + 2MP (Macro),Qualcomm Snapdragon 680,5000.00,6.67,18999.00,249.00,2024
Redmi Note 14 4G 256GB,Xiaomi,180,6,16MP,50MP (Main) + 8MP (Ultra-wide) + 2MP (Macro),Qualcomm Snapdragon 680,5000.00,6.67,21999.00,279.00,2024
Redmi 14C 5G 64GB,Xiaomi,195,4,8MP,50MP (Main) + 2MP (Depth),MediaTek Dimensity 700,5000.00,6.5,14999.00,199.00,2024
Redmi 14C 5G 128GB,Xiaomi,195,6,8MP,50MP (Main) + 2MP (Depth),MediaTek Dimensity 700,5000.00,6.5,16999.00,229.00,2024
Legion Y70 128GB,Lenovo,209,8,16MP,50MP,Snapdragon 8+ Gen 1,5100.00,6.67,49999.00,499.00,2022
Legion Y70 256GB,Lenovo,209,12,16MP,50MP,Snapdragon 8+ Gen 1,5100.00,6.67,54999.00,549.00,2022
Legion Y70 512GB,Lenovo,209,16,16MP,50MP,Snapdragon 8+ Gen 1,5100.00,6.67,59999.00,599.00,2022
K14 Plus 64GB,Lenovo,198,4,8MP,48MP,Unisoc T700,5000.00,6.5,10999.00,199.00,2022
K14 Plus 128GB,Lenovo,198,6,8MP,48MP,Unisoc T700,5000.00,6.5,12999.00,229.00,2022
K13 Pro 128GB,Lenovo,200,6,16MP,64MP,Snapdragon 662,5000.00,6.8,14999.00,249.00,2021
K13 32GB,Lenovo,190,2,5MP,13MP,Unisoc SC9863A,5000.00,6.52,7499.00,149.00,2021
K13 Note 64GB,Lenovo,200,4,8MP,48MP,Snapdragon 460,5000.00,6.5,11999.00,199.00,2021
K10 Plus 64GB,Lenovo,172,4,16MP,13MP,Snapdragon 632,4050.00,6.22,10999.00,179.00,2019
A6 Note 32GB,Lenovo,172,3,5MP,13MP,Helio P22,4000.00,6.09,9999.00,149.00,2019
K10 Note 64GB,Lenovo,164,4,16MP,16MP,Snapdragon 710,4050.00,6.3,13999.00,219.00,2019
K10 Note 128GB,Lenovo,164,6,16MP,16MP,Snapdragon 710,4050.00,6.3,15999.00,249.00,2019
Z6 Pro 128GB,Lenovo,185,6,32MP,48MP,Snapdragon 855,4000.00,6.39,39999.00,429.00,2019
Z6 Pro 256GB,Lenovo,185,8,32MP,48MP,Snapdragon 855,4000.00,6.39,44999.00,479.00,2019
Z5 Pro 64GB,Lenovo,210,6,16MP,16MP,Snapdragon 710,3350.00,6.39,21400.00,299.00,2018
Edge 50 Fusion 128GB,Motorola,168,8,32MP,50MP,Snapdragon 7 Gen 1,5000.00,6.7,29999.00,499.00,2024
Edge 50 Fusion 256GB,Motorola,168,12,32MP,50MP,Snapdragon 7 Gen 1,5000.00,6.7,34999.00,549.00,2024
Edge 50 Pro 128GB,Motorola,186,8,50MP,50MP,Snapdragon 7 Gen 3,4500.00,6.7,34999.00,549.00,2024
Edge 50 Pro 256GB,Motorola,186,12,50MP,50MP,Snapdragon 7 Gen 3,4500.00,6.7,39999.00,599.00,2024
Razr 128GB,Motorola,192,8,32MP,50MP,Snapdragon 8+ Gen 1,3500.00,"6.7 (main), 2.7 (external)",59999.00,999.00,2023
Razr 256GB,Motorola,192,12,32MP,50MP,Snapdragon 8+ Gen 1,3500.00,"6.7 (main), 2.7 (external)",64999.00,1099.00,2023
G84 5G 128GB,Motorola,166,8,16MP,50MP,Snapdragon 695,5000.00,6.5,19999.00,299.00,2023
G84 5G 256GB,Motorola,166,12,16MP,50MP,Snapdragon 695,5000.00,6.5,22999.00,349.00,2023
Moto G Stylus 64GB,Motorola,195,4,16MP,50MP,MediaTek Helio G88,5000.00,6.8,21999.00,199.00,2023
Moto G Stylus 128GB,Motorola,195,6,16MP,50MP,MediaTek Helio G88,5000.00,6.8,24999.00,249.00,2023
One Vision 3 128GB,Motorola,180,6,25MP,48MP,Exynos 9609,3500.00,6.3,19999.00,299.00,2024
One Vision 3 256GB,Motorola,180,8,25MP,48MP,Exynos 9609,3500.00,6.3,22999.00,349.00,2024
Edge 50 Lite 128GB,Motorola,170,6,32MP,64MP,Snapdragon 695,5000.00,6.7,27999.00,399.00,2024
Edge 50 Lite 256GB,Motorola,170,8,32MP,64MP,Snapdragon 695,5000.00,6.7,29999.00,449.00,2024
Moto E40 Plus 64GB,Motorola,198,4,8MP,48MP,Unisoc T700,5000.00,6.5,11999.00,199.00,2023
Moto E40 Plus 128GB,Motorola,198,6,8MP,48MP,Unisoc T700,5000.00,6.5,13999.00,229.00,2023
Moto G Power 64GB,Motorola,206,4,16MP,50MP,Snapdragon 662,5000.00,6.6,17999.00,249.00,2022
Moto G Power 128GB,Motorola,206,6,16MP,50MP,Snapdragon 662,5000.00,6.6,19999.00,279.00,2022
Moto G Play 32GB,Motorola,203,3,5MP,13MP,MediaTek Helio G25,5000.00,6.5,9999.00,149.00,2022
Moto G Play 64GB,Motorola,203,4,5MP,13MP,MediaTek Helio G25,5000.00,6.5,11999.00,179.00,2022
Moto G75 5G 128GB,Motorola,205,8,16MP,50MP,Snapdragon 6 Gen 3,5000.00,6.78,34999.00,320.00,2024
Moto G75 5G 256GB,Motorola,205,8,16MP,50MP,Snapdragon 6 Gen 3,5000.00,6.78,39999.00,370.00,2024
Moto S50 128GB,Motorola,190,8,32MP,64MP,MediaTek Dimensity 8100,4500.00,6.7,29999.00,300.00,2024
Moto S50 256GB,Motorola,190,12,32MP,64MP,MediaTek Dimensity 8100,4500.00,6.7,34999.00,350.00,2024
Edge 50 Neo 256GB,Motorola,171,8,32MP,50MP,MediaTek Dimensity 7300,4310.00,6.4,39999.00,400.00,2024
Edge 50 Neo 512GB,Motorola,171,12,32MP,50MP,MediaTek Dimensity 7300,4310.00,6.4,44999.00,450.00,2024
Moto G55 128GB,Motorola,182,8,16MP,50MP,MediaTek Dimensity 7025,5000.00,6.49,26999.00,270.00,2024
Moto G55 256GB,Motorola,182,8,16MP,50MP,MediaTek Dimensity 7025,5000.00,6.49,29999.00,320.00,2024
Moto G35 128GB,Motorola,188,4,16MP,50MP,Unisoc T760,5000.00,6.72,18999.00,200.00,2024
Moto G35 256GB,Motorola,188,8,16MP,50MP,Unisoc T760,5000.00,6.72,22999.00,250.00,2024
Moto G45 128GB,Motorola,183,6,16MP,50MP,Snapdragon 6s Gen 3,5000.00,6.5,22999.00,250.00,2024
Moto G45 256GB,Motorola,183,8,16MP,50MP,Snapdragon 6s Gen 3,5000.00,6.5,26999.00,300.00,2024
Edge 50 256GB,Motorola,180,8,32MP,50MP,Snapdragon 7s Gen 2,4700.00,6.7,44999.00,450.00,2024
Edge 50 512GB,Motorola,180,12,32MP,50MP,Snapdragon 7s Gen 2,4700.00,6.7,49999.00,500.00,2024
Razr 50 Ultra 512GB,Motorola,189,12,32MP,50MP,Snapdragon 8+ Gen 1,4000.00,"6.9 (internal), 4.0 (external)",99999.00,1199.00,2024
Razr 50 256GB,Motorola,188,8,32MP,50MP,Snapdragon 7 Gen 1,3800.00,"6.7 (internal), 3.6 (external)",79999.00,999.00,2024
Moto G85 128GB,Motorola,173,8,32MP,50MP,Snapdragon 6s Gen 3,5000.00,6.67,29999.00,320.00,2024
Moto G85 256GB,Motorola,173,12,32MP,50MP,Snapdragon 6s Gen 3,5000.00,6.67,34999.00,370.00,2024
S50 Neo 256GB,Motorola,170,8,32MP,50MP,MediaTek Dimensity 7200,4300.00,6.5,26999.00,300.00,2024
S50 Neo 512GB,Motorola,170,12,32MP,50MP,MediaTek Dimensity 7200,4300.00,6.5,29999.00,350.00,2024
Moto E14 64GB,Motorola,180,4,8MP,13MP,Unisoc T606,5000.00,6.5,11999.00,150.00,2024
Moto E14 128GB,Motorola,180,4,8MP,13MP,Unisoc T606,5000.00,6.5,13999.00,180.00,2024
Edge 256GB,Motorola,174,8,32MP,50MP,Snapdragon 7s Gen 2,4700.00,6.7,44999.00,450.00,2024
Edge 512GB,Motorola,174,12,32MP,50MP,Snapdragon 7s Gen 2,4700.00,6.7,49999.00,500.00,2024
Moto X50 Ultra 512GB,Motorola,198,12,60MP,200MP,Snapdragon 8 Gen 3,5000.00,6.9,119999.00,1499.00,2024
Moto G Stylus 5G 256GB,Motorola,195,6,16MP,50MP,Snapdragon 6 Gen 1,5000.00,6.8,26999.00,300.00,2024
Moto G Stylus 5G 512GB,Motorola,195,8,16MP,50MP,Snapdragon 6 Gen 1,5000.00,6.8,29999.00,350.00,2024
Edge 50 Ultra 512GB,Motorola,198,12,60MP,200MP,Snapdragon 8 Gen 3,5000.00,6.9,119999.00,1499.00,2024
Edge 30 Fusion 128GB,Motorola,168,8,32MP,50MP,Snapdragon 888+ 5G,4400.00,6.55,49999.00,699.00,2022
Edge 30 Fusion 256GB,Motorola,168,12,32MP,50MP,Snapdragon 888+ 5G,4400.00,6.55,54999.00,749.00,2022
Edge 30 Neo 128GB,Motorola,155,6,32MP,64MP,Snapdragon 695 5G,4020.00,6.28,34999.00,499.00,2022
Edge 30 Neo 256GB,Motorola,155,8,32MP,64MP,Snapdragon 695 5G,4020.00,6.28,39999.00,549.00,2022
Moto G82 5G 128GB,Motorola,173,6,16MP,50MP,Snapdragon 695 5G,5000.00,6.6,24999.00,399.00,2022
Moto G82 5G 256GB,Motorola,173,8,16MP,50MP,Snapdragon 695 5G,5000.00,6.6,29999.00,449.00,2022
Moto G62 5G 128GB,Motorola,184,4,16MP,50MP,Snapdragon 480+ 5G,5000.00,6.5,19999.00,349.00,2022
Moto G62 5G 256GB,Motorola,184,6,16MP,50MP,Snapdragon 480+ 5G,5000.00,6.5,24999.00,399.00,2022
Moto G42 128GB,Motorola,175,4,16MP,50MP,Snapdragon 680 4G,5000.00,6.4,16999.00,299.00,2022
Moto G32 128GB,Motorola,184,4,16MP,50MP,Snapdragon 680 4G,5000.00,6.5,14999.00,279.00,2022
Moto E32s 64GB,Motorola,185,3,8MP,16MP,MediaTek Helio G37,5000.00,6.5,11999.00,199.00,2022
Moto E22i 32GB,Motorola,169,2,5MP,16MP,MediaTek Helio G37,4020.00,6.5,9999.00,179.00,2022
Moto E22 64GB,Motorola,169,4,5MP,16MP,MediaTek Helio G37,4020.00,6.5,10999.00,199.00,2022
Moto G22 64GB,Motorola,185,4,16MP,50MP,MediaTek Helio G37,5000.00,6.5,12999.00,249.00,2022
P50,Huawei,181,8,13MP,50MP,Snapdragon 888 4G,4100.00,6.5,59999.00,699.00,2021
P50 Pro,Huawei,195,8,13MP,50MP,Snapdragon 888 4G,4360.00,6.6,79999.00,899.00,2021
P50 Pocket,Huawei,190,8,10.7MP,40MP,Snapdragon 888 4G,4000.00,6.9 (unfolded),129999.00,1299.00,2021
Mate 40E,Huawei,188,8,13MP,64MP,Kirin 990E 5G,4200.00,6.5,69999.00,799.00,2021
Mate X2,Huawei,295,8,16MP,50MP,Kirin 9000 5G,4500.00,8.0 (unfolded),249999.00,2699.00,2021
Nova 9,Huawei,175,8,32MP,50MP,Snapdragon 778G 4G,4300.00,6.57,37999.00,499.00,2021
Nova 9 Pro,Huawei,186,8,Dual 32MP,50MP,Snapdragon 778G 4G,4000.00,6.72,44999.00,599.00,2021
P50E,Huawei,181,8,13MP,50MP,Snapdragon 778G 4G,4100.00,6.5,54999.00,649.00,2022
Mate Xs 2,Huawei,255,8,10.7MP,50MP,Snapdragon 888 4G,4600.00,7.8 (unfolded),199999.00,2499.00,2022
Mate 50,Huawei,202,8,13MP,50MP,Snapdragon 8+ Gen 1 4G,4460.00,6.7,84999.00,999.00,2022
Mate 50 Pro,Huawei,205,8,13MP,50MP,Snapdragon 8+ Gen 1 4G,4700.00,6.74,99999.00,1199.00,2022
Nova 10,Huawei,168,8,60MP,50MP,Snapdragon 778G 4G,4000.00,6.67,39999.00,499.00,2022
Nova 10 Pro,Huawei,191,8,Dual 60MP,50MP,Snapdragon 778G 4G,4500.00,6.78,49999.00,599.00,2022
Nova 10 SE,Huawei,184,8,16MP,108MP,Snapdragon 680 4G,4500.00,6.67,34999.00,399.00,2022
P60,Huawei,197,8,13MP,48MP (wide) + 13MP (ultrawide) + 48MP (telephoto),Snapdragon 8+ Gen 1 4G,4815.00,6.67,84999.00,999.00,2023
P60 Pro,Huawei,200,8.00,13MP,48MP (wide) + 13MP (ultrawide) + 48MP (telephoto),Snapdragon 8+ Gen 1 4G,4815.00,6.67,99999.00,1099.00,2023
P60 Art,Huawei,206,8.00,13MP,48MP (wide) + 40MP (ultrawide) + 48MP (telephoto),Snapdragon 8+ Gen 1 4G,5100.00,6.73,119999.00,1299.00,2023
Mate X3,Huawei,239,12,8MP,50MP (wide) + 13MP (ultrawide) + 12MP (periscope telephoto),Snapdragon 8+ Gen 1 4G,4800.00,7.85 (unfolded),249999.00,2499.00,2023
Mate 60,Huawei,209,12,13MP,50MP (wide) + 12MP (ultrawide) + 12MP (telephoto),Kirin 9000S,4750.00,6.7,109999.00,1099.00,2023
Mate 60 Pro,Huawei,225,12,13MP,50MP (wide) + 40MP (ultrawide) + 48MP (telephoto),Kirin 9000S,5000.00,6.82,129999.00,1299.00,2023
Mate 60 Pro+,Huawei,235,12,13MP,50MP (wide) + 48MP (ultrawide) + 48MP (telephoto),Kirin 9000S,5200.00,6.82,149999.00,1499.00,2023
Nova 11,Huawei,168,8,60MP,50MP (wide) + 8MP (ultrawide),Snapdragon 778G 4G,4500.00,6.7,44999.00,499.00,2023
Nova 11 Pro,Huawei,188,8,60MP (ultrawide) + 8MP (telephoto),50MP (wide) + 8MP (ultrawide),Snapdragon 778G 4G,4500.00,6.78,54999.00,599.00,2023
Nova 11 Ultra,Huawei,188,12,60MP (ultrawide) + 8MP (telephoto),50MP (wide) + 8MP (ultrawide),Snapdragon 778G 4G,4500.00,6.78,64999.00,699.00,2023
Pura 70,Huawei,220,12,13MP,50MP + 13MP + 12MP,Kirin 9010,4900.00,6.8,84999.00,999.00,2024
Pura 70 Pro,Huawei,220,12,13MP,50MP + 12.5MP + 48MP,Kirin 9010,5050.00,6.8,99999.00,1099.00,2024
Pura 70 Pro+,Huawei,220,12,13MP,50MP + 12.5MP + 48MP,Kirin 9010,5050.00,6.8,114999.00,1199.00,2024
Pura 70 Ultra,Huawei,226,16,13MP,50MP + 40MP + 50MP,Kirin 9010,5200.00,6.8,129999.00,1299.00,2024
Mate 70,Huawei,220,12,13MP,50MP + 12MP,Kirin 9010,4900.00,6.7,89999.00,899.00,2024
Mate 70 Pro,Huawei,220,12,13MP,50MP + 12MP + 40MP,Kirin 9010,5000.00,6.8,104999.00,999.00,2024
Mate 70 Pro+,Huawei,220,12,13MP,50MP + 12MP + 40MP,Kirin 9010,5000.00,6.8,119999.00,1099.00,2024
Mate X6,Huawei,241,12,8MP,50MP + 13MP + 12MP,Kirin 9010,4800.00,7.93,249999.00,2499.00,2024
Nova 12,Huawei,168,8,60MP,50MP + 8MP,Kirin 9000S,4500.00,6.7,44999.00,499.00,2024
Nova 12 Pro,Huawei,188,8,60MP + 8MP,50MP + 8MP,Kirin 9000S,4500.00,6.78,54999.00,599.00,2024
Mate XT 256GB,Huawei,245,12,13MP,50MP + 12MP + 48MP,Kirin 9010,5000.00,7.92,259999.00,2599.00,2024
Mate XT 512GB,Huawei,245,12,13MP,50MP + 12MP + 48MP,Kirin 9010,5000.00,7.92,274999.00,2799.00,2024
Nova 13 256GB,Huawei,170,8,50MP,50MP + 8MP,Kirin 9000S,4600.00,6.7,47999.00,529.00,2024
Nova 13 512GB,Huawei,170,8,50MP,50MP + 8MP,Kirin 9000S,4600.00,6.7,54999.00,599.00,2024
Nova 13 Pro 256GB,Huawei,190,8,60MP + 8MP,50MP + 8MP,Kirin 9000S,4600.00,6.78,59999.00,649.00,2024
Nova 13 Pro 512GB,Huawei,190,8,60MP + 8MP,50MP + 8MP,Kirin 9000S,4600.00,6.78,67999.00,729.00,2024
G42 5G 128GB,Nokia,193,4,8MP,50MP,Snapdragon 480+,5000.00,6.56,18999.00,229.00,2023
G20 64GB,Nokia,197,4,8MP,48MP,MediaTek G35,5050.00,6.52,12499.00,169.00,2021
G20 128GB,Nokia,197,4,8MP,48MP,MediaTek G35,5050.00,6.52,13999.00,189.00,2021
C32 64GB,Nokia,199,3,8MP,50MP,Unisoc SC9863A,5000.00,6.52,9999.00,139.00,2023
C32 128GB,Nokia,199,4,8MP,50MP,Unisoc SC9863A,5000.00,6.52,10999.00,159.00,2023
G21 64GB,Nokia,190,4,8MP,50MP,Unisoc T606,5050.00,6.5,11999.00,169.00,2022
G21 128GB,Nokia,190,6,8MP,50MP,Unisoc T606,5050.00,6.5,13999.00,189.00,2022
C22 64GB,Nokia,190,2,8MP,13MP,Unisoc SC9863A,5000.00,6.5,8499.00,119.00,2023
C22 128GB,Nokia,190,3,8MP,13MP,Unisoc SC9863A,5000.00,6.5,9499.00,139.00,2023
G400 128GB,Nokia,198,6,16MP,48MP,Snapdragon 480,5000.00,6.58,22999.00,239.00,2022
Xperia 1 IV 256GB,Sony,185,12,12MP,12MP,Snapdragon 8 Gen 1,5000.00,6.5,119999.00,1599.00,2022
Xperia 5 IV 128GB,Sony,172,8,12MP,12MP,Snapdragon 8 Gen 1,5000.00,6.1,89999.00,999.00,2022
Xperia 10 IV 128GB,Sony,161,6,8MP,12MP,Snapdragon 695,5000.00,6,49999.00,499.00,2022
Xperia 1 V 256GB,Sony,187,12,12MP,48MP,Snapdragon 8 Gen 2,5000.00,6.5,124999.00,1699.00,2023
Xperia 5 V 128GB,Sony,178,8,12MP,48MP,Snapdragon 8 Gen 2,5000.00,6.1,94999.00,1099.00,2023
Xperia 10 V 128GB,Sony,164,6,8MP,48MP,Snapdragon 695,5000.00,6.1,54999.00,599.00,2023
Xperia 1 VI 256GB,Sony,190,12,12MP,48MP,Snapdragon 8 Gen 3,5000.00,6.5,129999.00,1799.00,2024
Xperia 5 VI 128GB,Sony,180,8,12MP,48MP,Snapdragon 8 Gen 3,5000.00,6.1,99999.00,1199.00,2024
Xperia 10 VI 128GB,Sony,167,6,8MP,48MP,Snapdragon 7 Gen 1,5000.00,6.1,59999.00,699.00,2024
T21,Nokia,466,4,8MP,8MP,Unisoc T612,8200.00,10.4,17999.00,3962.20,2022
MatePad Pro 12.2 512GB,Huawei,508,12,16MP,"13MP (f/1.8, AF)",Kirin 9000S,10100.00,12.2,49990.00,999.00,2024
MatePad Pro 13.2 512GB,Huawei,580,12,16MP,"13MP (f/1.8, AF)",Kirin 9000S,10100.00,13.2,58590.00,877.00,2024
Pixel 3a 64GB,Google,147,4,8MP,12.2MP,Snapdragon 670,3000.00,5.6,39999.00,399.00,2019
Pixel 3a XL 64GB,Google,167,4,8MP,12.2MP,Snapdragon 670,3700.00,6,44999.00,479.00,2019
Pixel 4 64GB,Google,162,6,8MP,12.2MP,Snapdragon 855,2800.00,5.7,59999.00,799.00,2019
Pixel 4 XL 64GB,Google,193,6,8MP,12.2MP,Snapdragon 855,3700.00,6.3,69999.00,899.00,2019
Pixel 4a 128GB,Google,143,6,8MP,12.2MP,Snapdragon 730G,3140.00,5.8,31999.00,349.00,2020
Pixel 4a 5G 128GB,Google,168,6,8MP,12.2MP,Snapdragon 765G,3885.00,6.2,37999.00,499.00,2020
Pixel 5 128GB,Google,151,8,8MP,12.2MP,Snapdragon 765G,4080.00,6,49999.00,699.00,2020
Pixel 5a 128GB,Google,183,6,8MP,12.2MP,Snapdragon 765G,4680.00,6.34,42999.00,449.00,2021
Pixel 6 128GB,Google,207,8,8MP,50MP,Google Tensor,4614.00,6.4,59999.00,699.00,2021
Pixel 6 Pro 256GB,Google,210,12,11.1MP,50MP,Google Tensor,5003.00,6.71,79999.00,899.00,2021
Pixel 6a 128GB,Google,178,6,8MP,12.2MP,Google Tensor,4410.00,6.1,43999.00,449.00,2022
Pixel 7 128GB,Google,197,8,10.8MP,50MP,Google Tensor G2,4355.00,6.3,64999.00,599.00,2022
Pixel 7 Pro 256GB,Google,212,12,10.8MP,50MP,Google Tensor G2,5000.00,6.7,89999.00,899.00,2022
Pixel 7a 128GB,Google,193,8,10.8MP,64MP,Google Tensor G2,4385.00,6.1,44999.00,499.00,2023
Pixel 8 128GB,Google,187,8,10.5MP,50MP,Google Tensor G3,4575.00,6.2,69999.00,699.00,2023
Pixel 8 Pro 256GB,Google,213,12,10.5MP,50MP,Google Tensor G3,5050.00,6.7,99999.00,999.00,2023
Pixel 8a 128GB,Google,194,8,10.5MP,64MP,Google Tensor G3,4385.00,6.1,49999.00,549.00,2024
Pixel 9 128GB,Google,195,8,10.8MP,50MP,Google Tensor G4,4600.00,6.3,74999.00,799.00,2024
Pixel 9 Pro 256GB,Google,216,12,10.8MP,50MP,Google Tensor G4,5050.00,6.7,109999.00,1099.00,2024
Pixel 9 Pro XL 512GB,Google,222,16,10.8MP,50MP,Google Tensor G4,5250.00,6.8,129999.00,1299.00,2024
Pixel 9 Pro Fold 512GB,Google,250,16,10.8MP,50MP,Google Tensor G4,5500.00,7.6,179999.00,1799.00,2024
Spark Go 1S 64GB,Tecno,190,4,8MP,13MP,MediaTek Helio A22,5000.00,6.6,9999.00,129.00,2024
Megapad 11 256GB,Tecno,450,8,13MP,50MP,MediaTek G99,8000.00,11,29999.00,349.00,2024
Pop 9 4G 64GB,Tecno,195,3,5MP,8MP,Unisoc SC9863A,5000.00,6.52,7499.00,99.00,2024
Megapad 128GB,Tecno,420,6,12MP,50MP,MediaTek Helio G80,7500.00,10.9,24999.00,299.00,2024
Camon 30S 256GB,Tecno,198,8,32MP,50MP,MediaTek Dimensity 810,5200.00,6.8,39999.00,499.00,2024
Spark 30C 5G 128GB,Tecno,200,6,16MP,50MP,MediaTek Dimensity 6100+,5000.00,6.6,14999.00,199.00,2024
Spark 30 5G 128GB,Tecno,195,6,16MP,50MP,MediaTek Dimensity 6020,5000.00,6.6,16999.00,229.00,2024
Pop 9 64GB,Tecno,190,3,5MP,8MP,Unisoc SC9832E,5000.00,6.52,6999.00,89.00,2024
Spark 30 Pro 256GB,Tecno,205,8,32MP,50MP,MediaTek Helio G99,5200.00,6.8,19999.00,269.00,2024
Spark 30 128GB,Tecno,192,4,16MP,50MP,MediaTek Helio G85,5000.00,6.6,12999.00,179.00,2024
Phantom V Fold2 512GB,Tecno,280,12,32MP,64MP,MediaTek Dimensity 9200+,5500.00,7.85,169999.00,1799.00,2024
Phantom V Flip2 256GB,Tecno,195,8,32MP,50MP,MediaTek Dimensity 8050,4300.00,6.9,79999.00,999.00,2024
Pova 6 Neo 5G 256GB,Tecno,225,8,16MP,50MP,MediaTek Dimensity 810,6000.00,6.8,29999.00,349.00,2024
Spark 30C 128GB,Tecno,190,4,16MP,50MP,MediaTek Helio G85,5000.00,6.6,11999.00,149.00,2024
Spark Go 1 64GB,Tecno,195,3,5MP,8MP,Unisoc SC9863A,5000.00,6.52,7499.00,99.00,2024
Camon 30S Pro 512GB,Tecno,202,12,50MP,108MP,MediaTek Dimensity 9200,5200.00,6.9,79999.00,1099.00,2024
Spark 20P 128GB,Tecno,195,4,16MP,50MP,MediaTek Helio G85,5000.00,6.6,13999.00,179.00,2024
Spark 20 Pro 5G 256GB,Tecno,210,8,32MP,50MP,MediaTek Dimensity 810,5200.00,6.8,24999.00,329.00,2024
Pova 6 Neo 256GB,Tecno,230,8,16MP,50MP,MediaTek Helio G99,6000.00,6.8,22999.00,299.00,2024
Camon 30 Premier 512GB,Tecno,210,12,50MP,108MP,MediaTek Dimensity 9200,5200.00,6.9,89999.00,1199.00,2024
Camon 30 Pro 512GB,Tecno,205,12,50MP,64MP,MediaTek Dimensity 8200,5200.00,6.8,64999.00,899.00,2024
Camon 30 5G 256GB,Tecno,198,8,32MP,50MP,MediaTek Dimensity 810,5000.00,6.7,39999.00,499.00,2024
Camon 30 128GB,Tecno,195,6,32MP,50MP,MediaTek Helio G99,5000.00,6.7,29999.00,349.00,2024
Pova 6 Pro 512GB,Tecno,230,12,32MP,64MP,MediaTek Dimensity 8100,6000.00,6.9,79999.00,1099.00,2024
Spark 20 Pro+ 256GB,Tecno,210,8,32MP,50MP,MediaTek Helio G99,5200.00,6.8,19999.00,269.00,2024
Spark 20 Pro 128GB,Tecno,195,6,16MP,50MP,MediaTek Helio G85,5000.00,6.6,14999.00,199.00,2024
Spark 20 128GB,Tecno,192,4,16MP,50MP,MediaTek Helio G85,5000.00,6.6,12999.00,179.00,2024
Spark 20C 128GB,Tecno,190,4,16MP,50MP,MediaTek Helio G85,5000.00,6.6,11999.00,149.00,2024
Spark Go 2024 64GB,Tecno,195,3,5MP,8MP,Unisoc SC9863A,5000.00,6.52,7499.00,99.00,2024
Pop 8 64GB,Tecno,195,3,5MP,8MP,Unisoc SC9832E,5000.00,6.52,6999.00,89.00,2024
Camon 20s Pro 5G 512GB,Tecno,202,12,50MP,108MP,MediaTek Dimensity 9200,5200.00,6.9,79999.00,1099.00,2024
Camon 20s Pro 256GB,Tecno,202,12,50MP,108MP,MediaTek Dimensity 810,5200.00,6.9,59999.00,899.00,2024
Camon 20s 256GB,Tecno,200,8,32MP,50MP,MediaTek Helio G99,5000.00,6.7,34999.00,449.00,2024
Camon 20 Premier 512GB,Tecno,205,12,50MP,108MP,MediaTek Dimensity 8200,5200.00,6.8,74999.00,1049.00,2024
Camon 20 Pro 5G 256GB,Tecno,200,8,32MP,50MP,MediaTek Dimensity 810,5000.00,6.7,39999.00,499.00,2024
Camon 20 Pro 128GB,Tecno,198,6,32MP,50MP,MediaTek Helio G99,5000.00,6.7,29999.00,349.00,2024
Camon 20 128GB,Tecno,195,6,32MP,50MP,MediaTek Helio G99,5000.00,6.7,29999.00,349.00,2024
Pova 5G 512GB,Tecno,240,8,32MP,50MP,MediaTek Dimensity 900,6000.00,6.9,54999.00,699.00,2024
Pova 5 256GB,Tecno,230,8,16MP,50MP,MediaTek Helio G99,6000.00,6.8,24999.00,329.00,2024
Xpad,Infinix,450,6,8MP,13MP,MediaTek Helio G99,7000.00,10.1,21999.00,299.00,2024
Xpad 5G,Infinix,470,8,16MP,50MP,MediaTek Dimensity 810,8000.00,10.4,29999.00,399.00,2024
Xpad Lite,Infinix,420,4,5MP,8MP,Unisoc T606,6000.00,9.7,14999.00,219.00,2024
Xpad Pro,Infinix,480,12,32MP,50MP,MediaTek Dimensity 9200,9000.00,11,39999.00,549.00,2024
Hot 50,Infinix,192,6,8MP,50MP,MediaTek Helio G85,5000.00,6.78,14999.00,219.00,2024
Hot 50i,Infinix,190,4,8MP,50MP,Unisoc T606,5000.00,6.6,12499.00,179.00,2024
Hot 50 5G,Infinix,195,8,16MP,50MP,MediaTek Dimensity 810,5200.00,6.78,18999.00,289.00,2024
Hot 50 Pro,Infinix,194,8,16MP,50MP,MediaTek Helio G99,5000.00,6.8,17999.00,269.00,2024
Hot 50 Pro+,Infinix,196,12,32MP,108MP,MediaTek Dimensity 9200,5300.00,6.9,24999.00,379.00,2024
GT 20 Pro,Infinix,198,12,32MP,108MP,MediaTek Dimensity 8200,5500.00,6.9,32999.00,449.00,2024
Note 40X 5G,Infinix,198,8,32MP,108MP,MediaTek Dimensity 7200,5200.00,6.8,23999.00,349.00,2024
Note 40S,Infinix,196,8,32MP,50MP,MediaTek Helio G99,5000.00,6.78,16999.00,279.00,2024
Note 40 5G,Infinix,195,8,32MP,108MP,MediaTek Dimensity 8100,5200.00,6.8,19999.00,319.00,2024
Note 40 Pro 5G,Infinix,195,12,32MP,108MP,MediaTek Dimensity 9000,5300.00,6.8,27999.00,399.00,2024
Note 40 Racing Edition,Infinix,196,12,32MP,108MP,MediaTek Dimensity 9200,5500.00,6.9,32999.00,449.00,2024
Hot 40,Infinix,196,8,32MP,50MP,MediaTek Helio G88,5000.00,6.78,12499.00,199.00,2023
Hot 40i,Infinix,195,4,8MP,13MP,Unisoc T606,5000.00,6.6,10999.00,159.00,2023
Hot 40 Pro,Infinix,195,8,32MP,108MP,MediaTek Helio G99,5000.00,6.78,14999.00,229.00,2023
Zero 40,Infinix,195,12,50MP,108MP,MediaTek Dimensity 8200,5000.00,6.78,24999.00,349.00,2024
Zero 40 5G,Infinix,195,12,50MP,108MP,MediaTek Dimensity 8200,5000.00,6.78,27999.00,379.00,2024
Zero Flip,Infinix,190,8,32MP,108MP,Qualcomm Snapdragon 778G,4500.00,6.7,32999.00,399.00,2024
Note 40,Infinix,190,8,32MP,108MP,MediaTek Helio G99,5000.00,6.78,17999.00,279.00,2024
Note 40 Pro,Infinix,190,12,32MP,108MP,MediaTek Dimensity 8100,5000.00,6.78,22999.00,329.00,2024
Hot 30 128GB,Infinix,196,8,8MP,50MP,MediaTek Helio G88,5000.00,6.78,12499.00,199.00,2023
Hot 30i 128GB,Infinix,191,4,8MP,13MP,Unisoc T606,5000.00,6.6,10999.00,159.00,2023
Hot 30i NFC 128GB,Infinix,191,4,8MP,13MP,Unisoc T606,5000.00,6.6,11499.00,159.00,2023
Hot 30 Play 128GB,Infinix,205,4,8MP,16MP,MediaTek Helio G37,6000.00,6.82,11999.00,179.00,2023
Hot 30 5G 128GB,Infinix,202,8,8MP,50MP,MediaTek Dimensity 810,5000.00,6.78,17999.00,239.00,2023
Zero 30 256GB,Infinix,185,8,50MP,108MP,MediaTek Dimensity 8020,5000.00,6.78,26999.00,349.00,2023
Zero 30 5G 256GB,Infinix,185,12,50MP,108MP,MediaTek Dimensity 8020,5000.00,6.78,29999.00,379.00,2023
GT 10 Pro 256GB,Infinix,187,8,32MP,108MP,MediaTek Dimensity 8050,5000.00,6.67,32999.00,399.00,2023
Hot 12 128GB,Infinix,195,6,8MP,13MP,MediaTek Helio G85,5000.00,6.82,11499.00,179.00,2022
Hot 12 Play 128GB,Infinix,209,4,8MP,13MP,Unisoc T610,6000.00,6.82,10499.00,159.00,2022
Hot 12 Pro 128GB,Infinix,191,8,8MP,50MP,Unisoc T616,5000.00,6.6,12999.00,199.00,2022
Hot 12i 64GB,Infinix,190,4,8MP,13MP,MediaTek Helio A22,5000.00,6.6,9999.00,139.00,2022
Hot 20 128GB,Infinix,198,6,8MP,50MP,MediaTek Helio G85,5000.00,6.82,12999.00,199.00,2022
Hot 20 Play 128GB,Infinix,209,4,8MP,13MP,MediaTek Helio G37,6000.00,6.82,10999.00,159.00,2022
Hot 20s 128GB,Infinix,202,8,8MP,50MP,MediaTek Helio G96,5000.00,6.78,14999.00,219.00,2022
Hot 20 5G 128GB,Infinix,204,6,8MP,50MP,MediaTek Dimensity 810,5000.00,6.6,16999.00,239.00,2022
Hot 20i 64GB,Infinix,195,4,8MP,13MP,MediaTek Helio G25,5000.00,6.6,9499.00,139.00,2022
Hot 10T 128GB,Infinix,205,4,8MP,48MP,MediaTek Helio G70,5000.00,6.82,10499.00,149.00,2021
Hot 10S 128GB,Infinix,211,6,8MP,48MP,MediaTek Helio G85,6000.00,6.82,11999.00,169.00,2021
Hot 10S NFC 128GB,Infinix,211,6,8MP,48MP,MediaTek Helio G85,6000.00,6.82,12499.00,179.00,2021
Hot 10 Lite 64GB,Infinix,195,3,8MP,13MP,MediaTek Helio A25,5000.00,6.6,7999.00,109.00,2020
Hot 10 Play 64GB,Infinix,207,4,8MP,13MP,MediaTek Helio G25,6000.00,6.82,9499.00,139.00,2021
Hot 11 128GB,Infinix,201,4,8MP,13MP,MediaTek Helio G70,5200.00,6.6,10999.00,159.00,2021
Hot 11 Play 128GB,Infinix,209,4,8MP,13MP,MediaTek Helio G35,6000.00,6.82,11499.00,169.00,2021
Hot 11s 128GB,Infinix,205,6,8MP,50MP,MediaTek Helio G88,5000.00,6.78,12999.00,189.00,2021
Smart HD 32GB,Infinix,195,2,5MP,8MP,MediaTek Helio A20,5000.00,6.1,5999.00,79.00,2020
Note 8i 128GB,Infinix,210,6,8MP,48MP,MediaTek Helio G80,5200.00,6.78,12999.00,199.00,2020
Hot 10 Lite 64GB,Infinix,195,3,8MP,13MP,MediaTek Helio A25,5000.00,6.6,7999.00,109.00,2020
Note 8 128GB,Infinix,210,6,16MP,64MP,MediaTek Helio G80,5200.00,6.95,15999.00,229.00,2020
Zero 8i 128GB,Infinix,210,8,16MP,48MP,MediaTek Helio G90T,4500.00,6.85,17999.00,249.00,2020
Hot 10 128GB,Infinix,204,4,8MP,16MP,MediaTek Helio G70,5200.00,6.78,10999.00,159.00,2020
Zero 8 128GB,Infinix,205,8,48MP,64MP,MediaTek Helio G90T,4500.00,6.85,19999.00,279.00,2020
Smart 5 64GB,Infinix,195,3,8MP,13MP,MediaTek Helio A20,5000.00,6.6,7499.00,99.00,2020
9X Lite,Honor,175,4,8MP,48MP,Kirin 710F,3750.00,6.5,15999.00,219.00,2020
30,Honor,185,8,32MP,40MP,Kirin 985 5G,4000.00,6.53,29999.00,449.00,2020
30 Pro,Honor,190,8,32MP,50MP,Kirin 990 5G,4000.00,6.57,39999.00,599.00,2020
30 Pro+,Honor,192,12,32MP,50MP,Kirin 990 5G,4000.00,6.57,45999.00,699.00,2020
30S,Honor,190,6,16MP,64MP,Kirin 820 5G,4000.00,6.5,22999.00,349.00,2020
X10,Honor,203,6,16MP,40MP,Kirin 820 5G,4300.00,6.63,19999.00,319.00,2020
X10 Max,Honor,227,8,8MP,48MP,MediaTek Dimensity 800,5000.00,7.09,25999.00,379.00,2020
Play 4,Honor,213,6,16MP,64MP,MediaTek Dimensity 800,4300.00,6.81,21999.00,349.00,2020
Play 4 Pro,Honor,213,8,32MP,40MP,Kirin 990 5G,4200.00,6.57,29999.00,549.00,2020
10X Lite,Honor,206,4,8MP,48MP,Kirin 710A,5000.00,6.67,13999.00,229.00,2020
V40,Honor,189,8,16MP,50MP,MediaTek Dimensity 1000+,4000.00,6.72,37999.00,599.00,2021
50,Honor,175,8,32MP,108MP,Qualcomm Snapdragon 778G,4300.00,6.57,37999.00,549.00,2021
50 Pro,Honor,187,8,32MP,108MP,Qualcomm Snapdragon 778G,4000.00,6.72,44999.00,649.00,2021
50 SE,Honor,191,8,16MP,108MP,MediaTek Dimensity 900,4000.00,6.78,29999.00,449.00,2021
X20,Honor,192,6,16MP,64MP,MediaTek Dimensity 900,4300.00,6.67,25999.00,379.00,2021
X20 SE,Honor,179,6,16MP,64MP,MediaTek Dimensity 700,4000.00,6.6,22999.00,299.00,2021
Play 5,Honor,179,8,16MP,64MP,MediaTek Dimensity 800U,3800.00,6.53,19999.00,319.00,2021
Play 5T,Honor,191,6,8MP,13MP,Unisoc T610,5000.00,6.5,14999.00,219.00,2021
Magic3,Honor,202,8,13MP,50MP,Qualcomm Snapdragon 888,4600.00,6.76,64999.00,899.00,2021
Magic3 Pro,Honor,213,8,13MP,50MP,Qualcomm Snapdragon 888+,4600.00,6.76,74999.00,1099.00,2021
Magic3 Pro+,Honor,236,12,13MP,50MP,Qualcomm Snapdragon 888+,4600.00,6.76,84999.00,1299.00,2021
60,Honor,179,8,32MP,108MP,Qualcomm Snapdragon 778G,4800.00,6.67,41999.00,549.00,2021
60 Pro,Honor,192,8,50MP,108MP,Qualcomm Snapdragon 778G+,4800.00,6.78,49999.00,649.00,2021
60 SE,Honor,191,8,16MP,64MP,MediaTek Dimensity 900,4300.00,6.67,29999.00,449.00,2021
X30,Honor,189,6,16MP,48MP,Qualcomm Snapdragon 695,4800.00,6.81,27999.00,379.00,2021
X30i,Honor,175,6,16MP,48MP,MediaTek Dimensity 810,4000.00,6.7,22999.00,299.00,2021
X30 Max,Honor,228,8,8MP,64MP,MediaTek Dimensity 900,5000.00,7.09,35999.00,499.00,2021
Play 6,Honor,190,6,5MP,13MP,MediaTek MT6762G Helio G25,5000.00,6.52,12999.00,179.00,2022
Play 6T,Honor,198,6,5MP,13MP,MediaTek Dimensity 700,5000.00,6.74,16999.00,229.00,2022
Magic4,Honor,199,8,12MP,50MP,Qualcomm Snapdragon 8 Gen 1,4800.00,6.81,72999.00,899.00,2022
Magic4 Pro,Honor,215,8,12MP,50MP,Qualcomm Snapdragon 8 Gen 1,4600.00,6.81,84999.00,1099.00,2022
Magic4 Ultimate,Honor,242,12,12MP,50MP,Qualcomm Snapdragon 8 Gen 1,4600.00,6.81,99999.00,1299.00,2022
Magic V,Honor,288,12,42MP,50MP,Qualcomm Snapdragon 8 Gen 1,4750.00,7.9,149999.00,1799.00,2022
70,Honor,178,8,32MP,54MP,Qualcomm Snapdragon 778G+,4800.00,6.67,46999.00,549.00,2022
70 Pro,Honor,192,8,50MP,54MP,MediaTek Dimensity 8000,4500.00,6.78,59999.00,699.00,2022
70 Pro+,Honor,209,12,50MP,54MP,MediaTek Dimensity 9000,4500.00,6.78,69999.00,799.00,2022
X40,Honor,172,6,8MP,50MP,Qualcomm Snapdragon 695,5100.00,6.67,26999.00,299.00,2022
X40i,Honor,175,6,8MP,50MP,MediaTek Dimensity 700,4000.00,6.7,22999.00,279.00,2022
Play 7,Honor,196,4,5MP,13MP,MediaTek Helio G37,5200.00,6.74,12499.00,159.00,2023
Play 7T,Honor,199,6,5MP,13MP,MediaTek Dimensity 6020,5200.00,6.74,14999.00,199.00,2023
Magic5,Honor,204,8,12MP,50MP,Qualcomm Snapdragon 8 Gen 2,5100.00,6.81,79999.00,999.00,2023
Magic5 Pro,Honor,219,12,12MP,50MP,Qualcomm Snapdragon 8 Gen 2,5100.00,6.81,99999.00,1199.00,2023
Magic5 Ultimate,Honor,234,16,12MP,50MP,Qualcomm Snapdragon 8 Gen 2,5450.00,6.81,119999.00,1399.00,2023
Magic Vs,Honor,267,12,16MP,50MP,Qualcomm Snapdragon 8+ Gen 1,5000.00,7.9,149999.00,1699.00,2023
80,Honor,180,8,32MP,160MP,Qualcomm Snapdragon 782G,4800.00,6.67,46999.00,549.00,2022
80 Pro,Honor,193,12,50MP,160MP,Qualcomm Snapdragon 8+ Gen 1,4800.00,6.78,69999.00,799.00,2022
80 SE,Honor,175,8,32MP,64MP,MediaTek Dimensity 900,4600.00,6.67,34999.00,399.00,2022
X50,Honor,185,6,8MP,108MP,Qualcomm Snapdragon 6 Gen 1,5800.00,6.78,28999.00,299.00,2023
X50i,Honor,179,6,8MP,100MP,MediaTek Dimensity 6020,4500.00,6.7,21999.00,249.00,2023
Play 8,Honor,191,4,5MP,13MP,MediaTek Helio G36,5000.00,6.52,11499.00,149.00,2023
Play 8T,Honor,195,6,5MP,50MP,MediaTek Dimensity 6100+,5200.00,6.74,13999.00,189.00,2023
Magic6,Honor,203,8,12MP,50MP,Qualcomm Snapdragon 8 Gen 3,5200.00,6.81,89999.00,1099.00,2024
Magic6 Pro,Honor,219,12,12MP,50MP,Qualcomm Snapdragon 8 Gen 3,5500.00,6.81,109999.00,1299.00,2024
Magic6 Ultimate,Honor,234,16,12MP,50MP,Qualcomm Snapdragon 8 Gen 3,5550.00,6.81,129999.00,1499.00,2024
Magic V2,Honor,231,12,16MP,50MP,Qualcomm Snapdragon 8 Gen 2,5000.00,7.92,159999.00,1899.00,2024
90,Honor,183,12,50MP,200MP,Qualcomm Snapdragon 7 Gen 1,5000.00,6.7,54999.00,599.00,2023
90 Pro,Honor,192,12,50MP,200MP,Qualcomm Snapdragon 8+ Gen 1,5000.00,6.78,64999.00,699.00,2023
90 SE,Honor,175,8,32MP,64MP,MediaTek Dimensity 900,4600.00,6.67,34999.00,399.00,2023
X60,Honor,185,6,8MP,108MP,Qualcomm Snapdragon 6 Gen 1,5800.00,6.78,28999.00,299.00,2023
X60i,Honor,179,6,8MP,100MP,MediaTek Dimensity 6020,4500.00,6.7,21999.00,249.00,2023
Play 9,Honor,191,4,5MP,13MP,MediaTek Helio G36,5000.00,6.52,11499.00,149.00,2023
Play 9T,Honor,195,6,5MP,50MP,MediaTek Dimensity 6100+,5200.00,6.74,13999.00,189.00,2023
Magic7,Honor,203,8,12MP,50MP,Qualcomm Snapdragon 8 Gen 3,5200.00,6.81,89999.00,1099.00,2024
Magic7 Pro,Honor,219,12,12MP,50MP,Qualcomm Snapdragon 8 Gen 3,5500.00,6.81,109999.00,1299.00,2024
Magic7 Ultimate,Honor,234,16,12MP,50MP,Qualcomm Snapdragon 8 Gen 3,5550.00,6.81,129999.00,1499.00,2024
Magic V3,Honor,231,12,16MP,50MP,Qualcomm Snapdragon 8 Gen 2,5000.00,7.92,159999.00,1899.00,2024
Pad 6,Honor,460,4,2MP,5MP,Qualcomm Snapdragon 662,5100.00,10.1,17999.00,199.00,2020
Pad X6,Honor,460,3,2MP,5MP,MediaTek MT8768T,5100.00,9.7,14999.00,159.00,2020
Pad 7,Honor,460,4,2MP,5MP,MediaTek Helio G80,5100.00,10.1,19999.00,229.00,2021
Tablet V7,Honor,480,6,8MP,13MP,MediaTek Dimensity 800,7250.00,10.4,34999.00,399.00,2021
Tablet V7 Pro,Honor,485,8,8MP,13MP,MediaTek Dimensity 1300T,7250.00,11,44999.00,499.00,2021
Pad 8,Honor,520,6,5MP,5MP,Qualcomm Snapdragon 680,7250.00,12,24999.00,299.00,2022
Pad X8,Honor,460,4,2MP,5MP,MediaTek Helio G80,5100.00,10.1,16999.00,189.00,2022
Pad X8 Lite,Honor,450,3,2MP,5MP,MediaTek MT8786,5000.00,9.7,12999.00,149.00,2022
Pad V8,Honor,510,6,5MP,13MP,MediaTek Dimensity 8020,7250.00,11,39999.00,449.00,2023
Pad V8 Pro,Honor,530,8,8MP,13MP,MediaTek Dimensity 9000,8500.00,12.1,54999.00,649.00,2023
Pad 9,Honor,550,8,8MP,13MP,Qualcomm Snapdragon 6 Gen 1,8300.00,12.1,34999.00,399.00,2024
Pad 9 Pro,Honor,560,12,8MP,13MP,MediaTek Dimensity 8100,9000.00,12.6,44999.00,499.00,2024
Pad X9,Honor,495,6,5MP,8MP,Qualcomm Snapdragon 685,7250.00,11.5,22999.00,299.00,2023
Pad X8 Pro,Honor,460,4,2MP,5MP,MediaTek Helio G80,5100.00,10.1,16999.00,189.00,2023
MagicPad 13,Honor,590,12,8MP,13MP,Qualcomm Snapdragon 8+ Gen 1,10000.00,13,64999.00,799.00,2023
MagicPad 2,Honor,580,16,12MP,16MP,Qualcomm Snapdragon 8 Gen 2,10500.00,13.2,74999.00,899.00,2024
Pad X8a,Honor,450,4,2MP,5MP,MediaTek MT8786,5000.00,9.7,12999.00,149.00,2023
Pad X8a Kids Edition,Honor,460,3,2MP,5MP,MediaTek MT8786,5100.00,9.7,10999.00,129.00,2023
Pad X9 Pro,Honor,505,8,8MP,13MP,Qualcomm Snapdragon 7s Gen 2,8000.00,11.6,29999.00,399.00,2024
Pad V9,Honor,530,8,8MP,13MP,MediaTek Dimensity 9000,8500.00,12.1,54999.00,649.00,2024
Pad GT Pro,Honor,610,12,12MP,16MP,Qualcomm Snapdragon 8 Gen 3,10500.00,13.5,84999.00,999.00,2024
Pad X10,Honor,475,6,5MP,8MP,Qualcomm Snapdragon 685,8850.00,12.1,29999.00,399.00,2024
Pad X10 Pro,Honor,485,8,8MP,13MP,Qualcomm Snapdragon 7s Gen 2,9000.00,12.6,39999.00,499.00,2024
MagicPad 3,Honor,590,12,12MP,16MP,Qualcomm Snapdragon 8 Gen 3,10500.00,13,64999.00,799.00,2024
Pad V10,Honor,530,8,8MP,13MP,MediaTek Dimensity 9000,8500.00,12.1,54999.00,649.00,2024
F2 Pro 128GB,POCO,219,6,20MP,64MP,Snapdragon 865,4700.00,6.67,37999.00,499.00,2020
M2 Pro 64GB,POCO,209,4,16MP,48MP,Snapdragon 720G,5000.00,6.67,13999.00,199.00,2020
X3 NFC 128GB,POCO,215,6,20MP,64MP,Snapdragon 732G,5160.00,6.67,16999.00,229.00,2020
M3 64GB,POCO,198,4,8MP,48MP,Snapdragon 662,6000.00,6.53,10999.00,149.00,2020
F3 128GB,POCO,196,6,20MP,48MP,Snapdragon 870,4520.00,6.67,29999.00,349.00,2021
X3 Pro 128GB,POCO,215,6,20MP,48MP,Snapdragon 860,5160.00,6.67,18999.00,249.00,2021
M3 Pro 5G 64GB,POCO,190,4,8MP,48MP,MediaTek Dimensity 700,5000.00,6.5,13999.00,199.00,2021
F3 GT 128GB,POCO,205,6,16MP,64MP,MediaTek Dimensity 1200,5065.00,6.67,25999.00,399.00,2021
X3 GT 128GB,POCO,193,6,16MP,64MP,MediaTek Dimensity 1100,5000.00,6.6,21999.00,279.00,2021
M4 Pro 5G 128GB,POCO,195,4,16MP,50MP,MediaTek Dimensity 810,5000.00,6.6,14999.00,219.00,2021
F4 128GB,POCO,195,6,20MP,64MP,Snapdragon 870,4500.00,6.67,27999.00,349.00,2022
F4 GT 128GB,POCO,210,8,20MP,64MP,Snapdragon 8 Gen 1,4700.00,6.67,39999.00,499.00,2022
X4 Pro 5G 128GB,POCO,205,6,16MP,108MP,Snapdragon 695,5000.00,6.67,18999.00,299.00,2022
M4 Pro 128GB,POCO,179,6,16MP,64MP,MediaTek Helio G96,5000.00,6.43,14999.00,219.00,2022
M5 128GB,POCO,201,4,5MP,50MP,MediaTek Helio G99,5000.00,6.58,12499.00,199.00,2022
M5s 128GB,POCO,178.8,4,13MP,64MP,MediaTek Helio G95,5000.00,6.43,13999.00,229.00,2022
F5 128GB,POCO,181,6,16MP,64MP,Snapdragon 7+ Gen 2,5000.00,6.67,29999.00,349.00,2023
F5 Pro 256GB,POCO,204,8,20MP,64MP,Snapdragon 8+ Gen 1,5160.00,6.67,39999.00,499.00,2023
X5 128GB,POCO,189,6,13MP,48MP,Snapdragon 695,5000.00,6.67,18999.00,279.00,2023
X5 Pro 128GB,POCO,181,6,16MP,108MP,Snapdragon 778G,5000.00,6.67,22999.00,329.00,2023
M6 64GB,POCO,199,4,8MP,50MP,MediaTek Helio G88,5000.00,6.58,12999.00,199.00,2023
M6 Pro 128GB,POCO,202,6,8MP,50MP,Snapdragon 4 Gen 1,5000.00,6.79,14999.00,219.00,2023
X6 128GB,POCO,193,6,16MP,64MP,MediaTek Dimensity 8100,5000.00,6.67,21999.00,349.00,2024
X6 Pro 256GB,POCO,205,8,20MP,108MP,MediaTek Dimensity 8300,5000.00,6.67,24999.00,399.00,2024
F6 128GB,POCO,190,6,20MP,64MP,Snapdragon 8 Gen 2,5000.00,6.67,34999.00,449.00,2024
F6 Pro 256GB,POCO,210,8,20MP,108MP,Snapdragon 8+ Gen 2,5160.00,6.67,44999.00,549.00,2024
C65 64GB,POCO,190,4,5MP,50MP,MediaTek Helio G85,5000.00,6.5,10999.00,149.00,2024
X7 128GB,POCO,195,6,16MP,64MP,MediaTek Dimensity 8200,5000.00,6.67,22999.00,329.00,2025
X7 Pro 256GB,POCO,207,8,20MP,108MP,MediaTek Dimensity 8400,6000.00,6.67,27999.00,399.00,2025
M7 5G 128GB,POCO,198,6,8MP,50MP,MediaTek Dimensity 7025,5110.00,6.67,15999.00,229.00,2024
Pad 5G 128GB,Poco,571,8,8MP,8MP,Snapdragon 7s Gen 2,10000.00,12.1,23999.00,280.00,2024
Pad 5G 256GB,Poco,571,8,8MP,8MP,Snapdragon 7s Gen 2,10000.00,12.1,25999.00,300.00,2024
Galaxy Z Fold6 256GB,Samsung,239,12,"10MP, 4MP (UDC)",50MP,Snapdragon 8 Gen 3,4400.00,7.6,164999.00,1899.00,2024
Galaxy Z Fold6 512GB,Samsung,239,12,"10MP, 4MP (UDC)",50MP,Snapdragon 8 Gen 3,4400.00,7.6,176999.00,1719.00,2024
Galaxy Z Fold6 1TB,Samsung,239,12,"10MP, 4MP (UDC)",50MP,Snapdragon 8 Gen 3,4400.00,7.6,200999.00,2259.00,2024
